EN,SV,PLURAL
AA,AA,AA
AAA,AAA,AAA
AACR,AACR,AACR
ABC,ABC,ABC
ABOUT,ABOUT,ABOUT
ABOVE,ABOVE,ABOVE
ABSOLUTELY,ABSOLUTELY,ABSOLUTELY
ACC,ACC,ACC
ACCEPTED,ACCEPTED,ACCEPTED
ACCESS,ACCESS,ACCESS
ACCOUNT,ACCOUNT,ACCOUNT
ACCOUNTING,ACCOUNTING,ACCOUNTING
ACQ,ACQ,ACQ
ACQCLAIM,ACQCLAIM,ACQCLAIM
ACQORDER,ACQORDER,ACQORDER
ACQUISITION,ACQUISITION,ACQUISITION
ACQUISITIONS,ACQUISITIONS,ACQUISITIONS
ACS,ACS,ACS
AD,AD,AD
ADD,ADD,ADD
ADDCIRCMESSAGE,ADDCIRCMESSAGE,ADDCIRCMESSAGE
ADDED,ADDED,ADDED
ADDITIONAL,ADDITIONAL,ADDITIONAL
ADDR,ADDR,ADDR
ADJ,ADJ,ADJ
ADMINISTRATION,ADMINISTRATION,ADMINISTRATION
ADULT,ADULT,ADULT
ADVISED,ADVISED,ADVISED
AFTER,AFTER,AFTER
AGREED,AGREED,AGREED
ALA,ALA,ALA
ALL,ALL,ALL
AND,AND,AND
ANLEZ,ANLEZ,ANLEZ
ANS,ANS,ANS
ANSCR,ANSCR,ANSCR
ANSI,ANSI,ANSI
ANY,ANY,ANY
ANZ,ANZ,ANZ
AO,AO,AO
AORN,AORN,AORN
API,API,API
APIRenew,APIRenew,APIRenew
APIs,APIs,APIs
APPENDICES,APPENDICES,APPENDICES
APPLICABLE,APPLICABLE,APPLICABLE
APPROVE,APPROVE,APPROVE
AQ,AQ,AQ
AQL,AQL,AQL
AR,AR,AR
ARGUMENTS,ARGUMENTS,ARGUMENTS
ARISING,ARISING,ARISING
AS,AS,AS
ASSUME,ASSUME,ASSUME
AT,AT,AT
AUDIOBOOK,AUDIOBOOK,AUDIOBOOK
AUTH,AUTH,AUTH
AUTHOR,AUTHOR,AUTHOR
AUTHORITIES,AUTHORITIES,AUTHORITIES
AUTO,AUTO,AUTO
AV,AV,AV
AVAILABLE,AVAILABLE,AVAILABLE
AVILL,AVILL,AVILL
AWS,AWS,AWS
AbstractAndIndex,AbstractAndIndex,AbstractAndIndex
AccessControlAllowOrigin,AccessControlAllowOrigin,AccessControlAllowOrigin
AccountAutoReconcile,AccountAutoReconcile,AccountAutoReconcile
AcqCreateItem,AcqCreateItem,AcqCreateItem
AcqEnableFiles,AcqEnableFiles,AcqEnableFiles
AcqItemSetSubfieldsWhenReceiptIsCancelled,AcqItemSetSubfieldsWhenReceiptIsCancelled,AcqItemSetSubfieldsWhenReceiptIsCancelled
AcqItemSetSubfieldsWhenReceived,AcqItemSetSubfieldsWhenReceived,AcqItemSetSubfieldsWhenReceived
AcqViewBaskets,AcqViewBaskets,AcqViewBaskets
AcqWarnOnDuplicateInvoice,AcqWarnOnDuplicateInvoice,AcqWarnOnDuplicateInvoice
AcquisitionDetails,AcquisitionDetails,AcquisitionDetails
AcquisitionLog,AcquisitionLog,AcquisitionLog
AcquisitionsDefaultEmailAddress,AcquisitionsDefaultEmailAddress,AcquisitionsDefaultEmailAddress
AcquisitionsDefaultReplyTo,AcquisitionsDefaultReplyTo,AcquisitionsDefaultReplyTo
ActionLogsTraceDepth,ActionLogsTraceDepth,ActionLogsTraceDepth
AdditionalContentsEditor,AdditionalContentsEditor,AdditionalContentsEditor
AddressForFailedOverdueNotices,AddressForFailedOverdueNotices,AddressForFailedOverdueNotices
AddressFormat,AddressFormat,AddressFormat
AdvancedSearchLanguages,AdvancedSearchLanguages,AdvancedSearchLanguages
AdvancedSearchTypes,AdvancedSearchTypes,AdvancedSearchTypes
AffiliateUserServices,AffiliateUserServices,AffiliateUserServices
AgeRestrictionMarker,AgeRestrictionMarker,AgeRestrictionMarker
AgeRestrictionOverride,AgeRestrictionOverride,AgeRestrictionOverride
AggregatedFullText,AggregatedFullText,AggregatedFullText
AggressiveMatchOnISBN,AggressiveMatchOnISBN,AggressiveMatchOnISBN
AggressiveMatchOnISSN,AggressiveMatchOnISSN,AggressiveMatchOnISSN
AllFinesNeedOverride,AllFinesNeedOverride,AllFinesNeedOverride
AllowAllMessageDeletion,AllowAllMessageDeletion,AllowAllMessageDeletion
AllowCheckoutNotes,AllowCheckoutNotes,AllowCheckoutNotes
AllowFineOverride,AllowFineOverride,AllowFineOverride
AllowHoldDateInFuture,AllowHoldDateInFuture,AllowHoldDateInFuture
AllowHoldItemTypeSelection,AllowHoldItemTypeSelection,AllowHoldItemTypeSelection
AllowHoldPolicyOverride,AllowHoldPolicyOverride,AllowHoldPolicyOverride
AllowHoldsOnDamagedItems,AllowHoldsOnDamagedItems,AllowHoldsOnDamagedItems
AllowHoldsOnPatronsPossessions,AllowHoldsOnPatronsPossessions,AllowHoldsOnPatronsPossessions
AllowItemsOnHoldCheckoutSCO,AllowItemsOnHoldCheckoutSCO,AllowItemsOnHoldCheckoutSCO
AllowItemsOnHoldCheckoutSIP,AllowItemsOnHoldCheckoutSIP,AllowItemsOnHoldCheckoutSIP
AllowMultipleCovers,AllowMultipleCovers,AllowMultipleCovers
AllowMultipleIssuesOnABiblio,AllowMultipleIssuesOnABiblio,AllowMultipleIssuesOnABiblio
AllowNotForLoanOverride,AllowNotForLoanOverride,AllowNotForLoanOverride
AllowOfflineCirculation,AllowOfflineCirculation,AllowOfflineCirculation
AllowPKIAuth,AllowPKIAuth,AllowPKIAuth
AllowPatronToControlAutoRenewal,AllowPatronToControlAutoRenewal,AllowPatronToControlAutoRenewal
AllowPatronToSetCheckoutsVisibilityForGuarantor,AllowPatronToSetCheckoutsVisibilityForGuarantor,AllowPatronToSetCheckoutsVisibilityForGuarantor
AllowRenewalIfOtherItemsAvailable,AllowRenewalIfOtherItemsAvailable,AllowRenewalIfOtherItemsAvailable
AllowRenewalLimitOverride,AllowRenewalLimitOverride,AllowRenewalLimitOverride
AllowRenewalOnHoldOverride,AllowRenewalOnHoldOverride,AllowRenewalOnHoldOverride
AllowReturnToBranch,AllowReturnToBranch,AllowReturnToBranch
AllowStaffToSetCheckoutsVisibilityForGuarantor,AllowStaffToSetCheckoutsVisibilityForGuarantor,AllowStaffToSetCheckoutsVisibilityForGuarantor
AllowStaffToSetFinesVisibilityForGuarantor,AllowStaffToSetFinesVisibilityForGuarantor,AllowStaffToSetFinesVisibilityForGuarantor
AllowTooManyOverride,AllowTooManyOverride,AllowTooManyOverride
AlternateHoldingsField,AlternateHoldingsField,AlternateHoldingsField
AlternateHoldingsSeparator,AlternateHoldingsSeparator,AlternateHoldingsSeparator
AmazonAssocTag,AmazonAssocTag,AmazonAssocTag
AmazonCoverImages,AmazonCoverImages,AmazonCoverImages
AmazonLocale,AmazonLocale,AmazonLocale
AnonSuggestions,AnonSuggestions,AnonSuggestions
AnonymousPatron,AnonymousPatron,AnonymousPatron
ApplyFrameworkDefaults,ApplyFrameworkDefaults,ApplyFrameworkDefaults
ArticleRequests,ArticleRequests,ArticleRequests
ArticleRequestsDisclaimerText,ArticleRequestsDisclaimerText,ArticleRequestsDisclaimerText
ArticleRequestsLinkControl,ArticleRequestsLinkControl,ArticleRequestsLinkControl
ArticleRequestsMandatoryFields,ArticleRequestsMandatoryFields,ArticleRequestsMandatoryFields
ArticleRequestsMandatoryFieldsItemsOnly,ArticleRequestsMandatoryFieldsItemsOnly,ArticleRequestsMandatoryFieldsItemsOnly
ArticleRequestsMandatoryFieldsRecordOnly,ArticleRequestsMandatoryFieldsRecordOnly,ArticleRequestsMandatoryFieldsRecordOnly
ArticleRequestsOpacHostRedirection,ArticleRequestsOpacHostRedirection,ArticleRequestsOpacHostRedirection
ArticleRequestsSupportedFormats,ArticleRequestsSupportedFormats,ArticleRequestsSupportedFormats
AudioAlerts,AudioAlerts,AudioAlerts
AudioBook,AudioBook,AudioBook
AuthDisplayHierarchy,AuthDisplayHierarchy,AuthDisplayHierarchy
AuthFailureLog,AuthFailureLog,AuthFailureLog
AuthSuccessLog,AuthSuccessLog,AuthSuccessLog
AuthTraining,AuthTraining,AuthTraining
AuthorLinkSortBy,AuthorLinkSortBy,AuthorLinkSortBy
AuthorLinkSortOrder,AuthorLinkSortOrder,AuthorLinkSortOrder
AuthoritiesLog,AuthoritiesLog,AuthoritiesLog
AuthorityControlledIndicators,AuthorityControlledIndicators,AuthorityControlledIndicators
AuthorityFile,AuthorityFile,AuthorityFile
AuthorityMergeLimit,AuthorityMergeLimit,AuthorityMergeLimit
AuthorityMergeMode,AuthorityMergeMode,AuthorityMergeMode
AuthoritySeparator,AuthoritySeparator,AuthoritySeparator
AuthorityXSLTOpacDetailsDisplay,AuthorityXSLTOpacDetailsDisplay,AuthorityXSLTOpacDetailsDisplay
AuthorityXSLTOpacResultsDisplay,AuthorityXSLTOpacResultsDisplay,AuthorityXSLTOpacResultsDisplay
AuthorityXSLTResultsDisplay,AuthorityXSLTResultsDisplay,AuthorityXSLTResultsDisplay
AuthorizationServer,AuthorizationServer,AuthorizationServer
AuthorizedIPs,AuthorizedIPs,AuthorizedIPs
AutoApprovePatronProfileSettings,AutoApprovePatronProfileSettings,AutoApprovePatronProfileSettings
AutoClaimReturnStatusOnCheckin,AutoClaimReturnStatusOnCheckin,AutoClaimReturnStatusOnCheckin
AutoClaimReturnStatusOnCheckout,AutoClaimReturnStatusOnCheckout,AutoClaimReturnStatusOnCheckout
AutoCreateAuthorites,AutoCreateAuthorites,AutoCreateAuthorites
AutoCreateAuthorities,AutoCreateAuthorities,AutoCreateAuthorities
AutoCreditNumber,AutoCreditNumber,AutoCreditNumber
AutoEmailNewUser,AutoEmailNewUser,AutoEmailNewUser
AutoLinkBiblios,AutoLinkBiblios,AutoLinkBiblios
AutoLocation,AutoLocation,AutoLocation
AutoRemoveOverduesRestrictions,AutoRemoveOverduesRestrictions,AutoRemoveOverduesRestrictions
AutoRenewalNotices,AutoRenewalNotices,AutoRenewalNotices
AutoResumeSuspendedHolds,AutoResumeSuspendedHolds,AutoResumeSuspendedHolds
AutoReturnCheckedOutItems,AutoReturnCheckedOutItems,AutoReturnCheckedOutItems
AutoSelfCheckAllowed,AutoSelfCheckAllowed,AutoSelfCheckAllowed
AutoSelfCheckID,AutoSelfCheckID,AutoSelfCheckID
AutoSelfCheckPass,AutoSelfCheckPass,AutoSelfCheckPass
AutoShareWithMana,AutoShareWithMana,AutoShareWithMana
AutoSwitchPatron,AutoSwitchPatron,AutoSwitchPatron
AutoUpdateSets,AutoUpdateSets,AutoUpdateSets
AutoUpdateSetsEmbedItemData,AutoUpdateSetsEmbedItemData,AutoUpdateSetsEmbedItemData
AutomaticCheckinAutoFill,AutomaticCheckinAutoFill,AutomaticCheckinAutoFill
AutomaticConfirmTransfer,AutomaticConfirmTransfer,AutomaticConfirmTransfer
AutomaticItemReturn,AutomaticItemReturn,AutomaticItemReturn
BASEBALL,BASEBALL,BASEBALL
BASIC,BASIC,BASIC
BBB,BBB,BBB
BCC,BCC,BCC
BE,BE,BE
BEEN,BEEN,BEEN
BEFORE,BEFORE,BEFORE
BEING,BEING,BEING
BGF,BGF,BGF
BIB,BIB,BIB
BIBLIOGRAPHY,BIBLIOGRAPHY,BIBLIOGRAPHY
BIBLIONUMBER,BIBLIONUMBER,BIBLIONUMBER
BIBTEX,BIBTEX,BIBTEX
BINDING,BINDING,BINDING
BK,BK,BK
BKS,BKS,BKS
BLDSS,BLDSS,BLDSS
BML,BML,BML
BNB,BNB,BNB
BOOK,BOOK,BOOK
BOOKCD,BOOKCD,BOOKCD
BOOKS,BOOKS,BOOKS
BOR,BOR,BOR
BRANCHCODE,BRANCHCODE,BRANCHCODE
BRLTTY,BRLTTY,BRLTTY
BSELL,BSELL,BSELL
BT,BT,BT
BTJ,BTJ,BTJ
BUT,BUT,BUT
BY,BY,BY
BakerTaylorBookstoreURL,BakerTaylorBookstoreURL,BakerTaylorBookstoreURL
BakerTaylorEnabled,BakerTaylorEnabled,BakerTaylorEnabled
BakerTaylorPassword,BakerTaylorPassword,BakerTaylorPassword
BakerTaylorUsername,BakerTaylorUsername,BakerTaylorUsername
BarcodeSeparators,BarcodeSeparators,BarcodeSeparators
BasketConfirmations,BasketConfirmations,BasketConfirmations
BatchCheckouts,BatchCheckouts,BatchCheckouts
BatchCheckoutsValidCategories,BatchCheckoutsValidCategories,BatchCheckoutsValidCategories
BiC,BiC,BiC
BibTeX,BibTeX,BibTeX
BibTex,BibTex,BibTex
BiblioDefaultView,BiblioDefaultView,BiblioDefaultView
BiblioItemtypeInfo,BiblioItemtypeInfo,BiblioItemtypeInfo
BibtexExportAdditionalFields,BibtexExportAdditionalFields,BibtexExportAdditionalFields
BlockExpiredPatronOpacActions,BlockExpiredPatronOpacActions,BlockExpiredPatronOpacActions
BlockReturnOfLostItems,BlockReturnOfLostItems,BlockReturnOfLostItems
BlockReturnOfWithdrawnItems,BlockReturnOfWithdrawnItems,BlockReturnOfWithdrawnItems
BorrowerMandatoryField,BorrowerMandatoryField,BorrowerMandatoryField
BorrowerRenewalPeriodBase,BorrowerRenewalPeriodBase,BorrowerRenewalPeriodBase
BorrowerUnwantedField,BorrowerUnwantedField,BorrowerUnwantedField
BorrowersLog,BorrowersLog,BorrowersLog
BorrowersTitles,BorrowersTitles,BorrowersTitles
BranchTransferLimitsType,BranchTransferLimitsType,BranchTransferLimitsType
BrowseResultSelection,BrowseResultSelection,BrowseResultSelection
BundleLostValue,BundleLostValue,BundleLostValue
BundleNotLoanValue,BundleNotLoanValue,BundleNotLoanValue
ByWater,ByWater,ByWater
ByWaterSolutions,ByWaterSolutions,ByWaterSolutions
CA,CA,CA
CALL,CALL,CALL
CANCEL,CANCEL,CANCEL
CANCELLATION,CANCELLATION,CANCELLATION
CANCREQ,CANCREQ,CANCREQ
CAND,CAND,CAND
CART,CART,CART
CAS,CAS,CAS
CASH,CASH,CASH
CAT,CAT,CAT
CATALOG,CATALOG,CATALOG
CATALOGING,CATALOGING,CATALOGING
CATALOGUING,CATALOGUING,CATALOGUING
CCC,CCC,CCC
CCL,CCL,CCL
CCLR,CCLR,CCLR
CCODE,CCODE,CCODE
CD,CD,CD
CDROM,CDROM,CDROM
CDs,CDs,CDs
CF,CF,CF
CH,CH,CH
CHANGE,CHANGE,CHANGE
CHECKIN,CHECKIN,CHECKIN
CHECKINSLIP,CHECKINSLIP,CHECKINSLIP
CHECKOUT,CHECKOUT,CHECKOUT
CHILD,CHILD,CHILD
CHK,CHK,CHK
CIRC,CIRC,CIRC
CIRCULATION,CIRCULATION,CIRCULATION
CL,CL,CL
CLAIM,CLAIM,CLAIM
CLAIMS,CLAIMS,CLAIMS
CLIO,CLIO,CLIO
CLOSE,CLOSE,CLOSE
CLUBNAME,CLUBNAME,CLUBNAME
CMS,CMS,CMS
CN,CN,CN
CODE,CODE,CODE
CODEN,CODEN,CODEN
COLLECTION,COLLECTION,COLLECTION
COMP,COMP,COMP
CONCAT,CONCAT,CONCAT
CONDITIONS,CONDITIONS,CONDITIONS
CONGRESS,CONGRESS,CONGRESS
CONSEQUENTIAL,CONSEQUENTIAL,CONSEQUENTIAL
CONTENT,CONTENT,CONTENT
CONTENTS,CONTENTS,CONTENTS
CONTROL,CONTROL,CONTROL
CONTROLNUMBER,CONTROLNUMBER,CONTROLNUMBER
CONVEYS,CONVEYS,CONVEYS
COPYRIGHT,COPYRIGHT,COPYRIGHT
CORPORATE,CORPORATE,CORPORATE
CORRECTION,CORRECTION,CORRECTION
COST,COST,COST
COUNT,COUNT,COUNT
COUNTER,COUNTER,COUNTER
COUNTRY,COUNTRY,COUNTRY
COUNTY,COUNTY,COUNTY
COURSE,COURSE,COURSE
COinS,COinS,COinS
COinSinOPACResults,COinSinOPACResults,COinSinOPACResults
CPL,CPL,CPL
CQL,CQL,CQL
CR,CR,CR
CREATE,CREATE,CREATE
CREDIT,CREDIT,CREDIT
CRONJOBS,CRONJOBS,CRONJOBS
CSS,CSS,CSS
CSV,CSV,CSV
CSVDelimiter,CSVDelimiter,CSVDelimiter
CTRL,CTRL,CTRL
CUYAHOGA,CUYAHOGA,CUYAHOGA
CalculateFinesOnBackdate,CalculateFinesOnBackdate,CalculateFinesOnBackdate
CalculateFinesOnReturn,CalculateFinesOnReturn,CalculateFinesOnReturn
CalculateFundValuesIncludingTax,CalculateFundValuesIncludingTax,CalculateFundValuesIncludingTax
CalendarFirstDayOfWeek,CalendarFirstDayOfWeek,CalendarFirstDayOfWeek
CanMarkHoldsToPullAsLost,CanMarkHoldsToPullAsLost,CanMarkHoldsToPullAsLost
CancelOrdersInClosedBaskets,CancelOrdersInClosedBaskets,CancelOrdersInClosedBaskets
CardnumberLength,CardnumberLength,CardnumberLength
CatalogConcernHelp,CatalogConcernHelp,CatalogConcernHelp
CatalogConcernTemplate,CatalogConcernTemplate,CatalogConcernTemplate
CatalogConcerns,CatalogConcerns,CatalogConcerns
CatalogModuleRelink,CatalogModuleRelink,CatalogModuleRelink
CatalogerEmails,CatalogerEmails,CatalogerEmails
CataloguingLog,CataloguingLog,CataloguingLog
CheckPrevCheckout,CheckPrevCheckout,CheckPrevCheckout
CheckPrevCheckoutDelay,CheckPrevCheckoutDelay,CheckPrevCheckoutDelay
ChildNeedsGuarantor,ChildNeedsGuarantor,ChildNeedsGuarantor
CircAutoPrintQuickSlip,CircAutoPrintQuickSlip,CircAutoPrintQuickSlip
CircAutocompl,CircAutocompl,CircAutocompl
CircConfirmItemParts,CircConfirmItemParts,CircConfirmItemParts
CircControl,CircControl,CircControl
CircControlReturnsBranch,CircControlReturnsBranch,CircControlReturnsBranch
CircSidebar,CircSidebar,CircSidebar
CirculateILL,CirculateILL,CirculateILL
ClaimReturnedChargeFee,ClaimReturnedChargeFee,ClaimReturnedChargeFee
ClaimReturnedLostValue,ClaimReturnedLostValue,ClaimReturnedLostValue
ClaimReturnedWarningThreshold,ClaimReturnedWarningThreshold,ClaimReturnedWarningThreshold
ClaimsBccCopy,ClaimsBccCopy,ClaimsBccCopy
ClaimsLog,ClaimsLog,ClaimsLog
CleanUpDatabaseReturnClaims,CleanUpDatabaseReturnClaims,CleanUpDatabaseReturnClaims
CoceHost,CoceHost,CoceHost
CoceProviders,CoceProviders,CoceProviders
CodeMirror,CodeMirror,CodeMirror
CollapseFieldsPatronAddForm,CollapseFieldsPatronAddForm,CollapseFieldsPatronAddForm
ComponentSortField,ComponentSortField,ComponentSortField
ComponentSortOrder,ComponentSortOrder,ComponentSortOrder
ConfFile,ConfFile,ConfFile
ConfirmFutureHolds,ConfirmFutureHolds,ConfirmFutureHolds
ConsiderLibraryHoursInCirculation,ConsiderLibraryHoursInCirculation,ConsiderLibraryHoursInCirculation
ConsiderOnSiteCheckoutsAsNormalCheckouts,ConsiderOnSiteCheckoutsAsNormalCheckouts,ConsiderOnSiteCheckoutsAsNormalCheckouts
ContentWarningField,ContentWarningField,ContentWarningField
ContextObjects,ContextObjects,ContextObjects
CookieConsent,CookieConsent,CookieConsent
CookieConsentBar,CookieConsentBar,CookieConsentBar
CookieConsentPopup,CookieConsentPopup,CookieConsentPopup
CookieConsentedJS,CookieConsentedJS,CookieConsentedJS
CookieConsentedJSpopup,CookieConsentedJSpopup,CookieConsentedJSpopup
CoverFlow,CoverFlow,CoverFlow
CreditXXX,CreditXXX,CreditXXX
CronjobLog,CronjobLog,CronjobLog
CueCat,CueCat,CueCat
CumulativeRestrictionPeriods,CumulativeRestrictionPeriods,CumulativeRestrictionPeriods
CurbsidePickup,CurbsidePickup,CurbsidePickup
CurrencyFormat,CurrencyFormat,CurrencyFormat
CustomCoverImages,CustomCoverImages,CustomCoverImages
CustomCoverImagesURL,CustomCoverImagesURL,CustomCoverImagesURL
DAMAGED,DAMAGED,DAMAGED
DAMAGES,DAMAGES,DAMAGES
DATA,DATA,DATA
DATALINK,DATALINK,DATALINK
DATE,DATE,DATE
DB,DB,DB
DBs,DBs,DBs
DCs,DCs,DCs
DD,DD,DD
DE,DE,DE
DEBIT,DEBIT,DEBIT
DEFECTIVE,DEFECTIVE,DEFECTIVE
DELCIRCMESSAGE,DELCIRCMESSAGE,DELCIRCMESSAGE
DELETE,DELETE,DELETE
DEPARTMENT,DEPARTMENT,DEPARTMENT
DESCRIPTION,DESCRIPTION,DESCRIPTION
DI,DI,DI
DIGEST,DIGEST,DIGEST
DISABLES,DISABLES,DISABLES
DISCHARGE,DISCHARGE,DISCHARGE
DISCOUNT,DISCOUNT,DISCOUNT
DISPLAY,DISPLAY,DISPLAY
DKIM,DKIM,DKIM
DN,DN,DN
DO,DO,DO
DOAJ,DOAJ,DOAJ
DOI,DOI,DOI
DR,DR,DR
DUE,DUE,DUE
DUEDGST,DUEDGST,DUEDGST
DVD,DVD,DVD
DVDS,DVDS,DVDS
DVDs,DVDs,DVDs
DayName,DayName,DayName
DebugLevel,DebugLevel,DebugLevel
DefaultAuthorityTab,DefaultAuthorityTab,DefaultAuthorityTab
DefaultClassificationSource,DefaultClassificationSource,DefaultClassificationSource
DefaultHoldPickupLocation,DefaultHoldPickupLocation,DefaultHoldPickupLocation
DefaultLongOverdueChargeValue,DefaultLongOverdueChargeValue,DefaultLongOverdueChargeValue
DefaultLongOverdueDays,DefaultLongOverdueDays,DefaultLongOverdueDays
DefaultLongOverdueLostValue,DefaultLongOverdueLostValue,DefaultLongOverdueLostValue
DefaultLongOverduePatronCategories,DefaultLongOverduePatronCategories,DefaultLongOverduePatronCategories
DefaultLongOverdueSkipLostStatuses,DefaultLongOverdueSkipLostStatuses,DefaultLongOverdueSkipLostStatuses
DefaultLongOverdueSkipPatronCategories,DefaultLongOverdueSkipPatronCategories,DefaultLongOverdueSkipPatronCategories
DefaultPatronSearchFields,DefaultPatronSearchFields,DefaultPatronSearchFields
DefaultPatronSearchMethod,DefaultPatronSearchMethod,DefaultPatronSearchMethod
DefaultSaveRecordFileID,DefaultSaveRecordFileID,DefaultSaveRecordFileID
DefaultToLoggedInLibraryCircRules,DefaultToLoggedInLibraryCircRules,DefaultToLoggedInLibraryCircRules
DefaultToLoggedInLibraryNoticesSlips,DefaultToLoggedInLibraryNoticesSlips,DefaultToLoggedInLibraryNoticesSlips
DefaultToLoggedInLibraryOverdueTriggers,DefaultToLoggedInLibraryOverdueTriggers,DefaultToLoggedInLibraryOverdueTriggers
DeletedRecord,DeletedRecord,DeletedRecord
DisplayClearScreenButton,DisplayClearScreenButton,DisplayClearScreenButton
DisplayIconsXSLT,DisplayIconsXSLT,DisplayIconsXSLT
DisplayLibraryFacets,DisplayLibraryFacets,DisplayLibraryFacets
DisplayMultiItemHolds,DisplayMultiItemHolds,DisplayMultiItemHolds
DisplayMultiPlaceHold,DisplayMultiPlaceHold,DisplayMultiPlaceHold
DisplayOPACiconsXSLT,DisplayOPACiconsXSLT,DisplayOPACiconsXSLT
DumpSearchQueryTemplate,DumpSearchQueryTemplate,DumpSearchQueryTemplate
DumpTemplateVarsIntranet,DumpTemplateVarsIntranet,DumpTemplateVarsIntranet
DumpTemplateVarsOpac,DumpTemplateVarsOpac,DumpTemplateVarsOpac
EAN,EAN,EAN
EANs,EANs,EANs
EBOOK,EBOOK,EBOOK
EBSCO,EBSCO,EBSCO
EBSCOadmin,EBSCOadmin,EBSCOadmin
EBook,EBook,EBook
EC,EC,EC
EDI,EDI,EDI
EDIFACT,EDIFACT,EDIFACT
EDIT,EDIT,EDIT
EDITION,EDITION,EDITION
EDIfact,EDIfact,EDIfact
EDItEUR,EDItEUR,EDItEUR
EDS,EDS,EDS
EITHER,EITHER,EITHER
EJournal,EJournal,EJournal
ELECTRONIC,ELECTRONIC,ELECTRONIC
ELEMENTS,ELEMENTS,ELEMENTS
ELSE,ELSE,ELSE
ELSIF,ELSIF,ELSIF
EM,EM,EM
END,END,END
ENTIRE,ENTIRE,ENTIRE
ENTRY,ENTRY,ENTRY
EPSON,EPSON,EPSON
ERM,ERM,ERM
ERMModule,ERMModule,ERMModule
ERMProviderEbscoApiKey,ERMProviderEbscoApiKey,ERMProviderEbscoApiKey
ERMProviderEbscoCustomerID,ERMProviderEbscoCustomerID,ERMProviderEbscoCustomerID
ERMProviders,ERMProviders,ERMProviders
ESPreventAutoTruncate,ESPreventAutoTruncate,ESPreventAutoTruncate
ETAT,ETAT,ETAT
ETC,ETC,ETC
EUC,EUC,EUC
EUR,EUR,EUR
EVEN,EVEN,EVEN
EVENT,EVENT,EVENT
EW,EW,EW
EXAMPLE,EXAMPLE,EXAMPLE
EXAMPLES,EXAMPLES,EXAMPLES
EXCEPT,EXCEPT,EXCEPT
EXPIRE,EXPIRE,EXPIRE
EXPRESSED,EXPRESSED,EXPRESSED
EXTENT,EXTENT,EXTENT
EasyAnalyticalRecords,EasyAnalyticalRecords,EasyAnalyticalRecords
EasyAnalytics,EasyAnalytics,EasyAnalytics
EdifactInvoiceImport,EdifactInvoiceImport,EdifactInvoiceImport
EdifactLSQ,EdifactLSQ,EdifactLSQ
ElasticSearch,ElasticSearch,ElasticSearch
ElasticsearchCrossFields,ElasticsearchCrossFields,ElasticsearchCrossFields
EmailAddressForPatronRegistrations,EmailAddressForPatronRegistrations,EmailAddressForPatronRegistrations
EmailAddressForSuggestions,EmailAddressForSuggestions,EmailAddressForSuggestions
EmailFieldPrecedence,EmailFieldPrecedence,EmailFieldPrecedence
EmailFieldPrimary,EmailFieldPrimary,EmailFieldPrimary
EmailFieldSelection,EmailFieldSelection,EmailFieldSelection
EmailOverduesNoEmail,EmailOverduesNoEmail,EmailOverduesNoEmail
EmailPatronRegistrations,EmailPatronRegistrations,EmailPatronRegistrations
EmailPatronWhenHoldIsPlaced,EmailPatronWhenHoldIsPlaced,EmailPatronWhenHoldIsPlaced
EmailPurchaseSuggestions,EmailPurchaseSuggestions,EmailPurchaseSuggestions
EmailSMSSendDriverFromAddress,EmailSMSSendDriverFromAddress,EmailSMSSendDriverFromAddress
EnableAdvancedCatalogingEditor,EnableAdvancedCatalogingEditor,EnableAdvancedCatalogingEditor
EnableBorrowerFiles,EnableBorrowerFiles,EnableBorrowerFiles
EnableExpiredPasswordReset,EnableExpiredPasswordReset,EnableExpiredPasswordReset
EnableItemGroupHolds,EnableItemGroupHolds,EnableItemGroupHolds
EnableItemGroups,EnableItemGroups,EnableItemGroups
EnableOpacSearchHistory,EnableOpacSearchHistory,EnableOpacSearchHistory
EnablePayPalOpacPayments,EnablePayPalOpacPayments,EnablePayPalOpacPayments
EnablePointOfSale,EnablePointOfSale,EnablePointOfSale
EnableSearchHistory,EnableSearchHistory,EnableSearchHistory
EnhancedMessagingPreferences,EnhancedMessagingPreferences,EnhancedMessagingPreferences
EnhancedMessagingPreferencesOPAC,EnhancedMessagingPreferencesOPAC,EnhancedMessagingPreferencesOPAC
EpsonExpert,EpsonExpert,EpsonExpert
ExcludeHolidaysFromMaxPickUpDelay,ExcludeHolidaysFromMaxPickUpDelay,ExcludeHolidaysFromMaxPickUpDelay
ExecStart,ExecStart,ExecStart
ExpireReservesAutoFill,ExpireReservesAutoFill,ExpireReservesAutoFill
ExpireReservesAutoFillEmail,ExpireReservesAutoFillEmail,ExpireReservesAutoFillEmail
ExpireReservesMaxPickUpDelay,ExpireReservesMaxPickUpDelay,ExpireReservesMaxPickUpDelay
ExpireReservesMaxPickUpDelayCharge,ExpireReservesMaxPickUpDelayCharge,ExpireReservesMaxPickUpDelayCharge
ExpireReservesOnHolidays,ExpireReservesOnHolidays,ExpireReservesOnHolidays
ExplodedTerms,ExplodedTerms,ExplodedTerms
ExportCircHistory,ExportCircHistory,ExportCircHistory
ExportRemoveFields,ExportRemoveFields,ExportRemoveFields
ExportWithCsvProfile,ExportWithCsvProfile,ExportWithCsvProfile
ExtendedPatronAttributes,ExtendedPatronAttributes,ExtendedPatronAttributes
ExtractValue,ExtractValue,ExtractValue
FA,FA,FA
FAILURE,FAILURE,FAILURE
FAQ,FAQ,FAQ
FAQs,FAQs,FAQs
FI,FI,FI
FIC,FIC,FIC
FICTION,FICTION,FICTION
FIELD,FIELD,FIELD
FILE,FILE,FILE
FILL,FILL,FILL
FINES,FINES,FINES
FITNESS,FITNESS,FITNESS
FIXED,FIXED,FIXED
FOR,FOR,FOR
FOREACH,FOREACH,FOREACH
FORGIVEN,FORGIVEN,FORGIVEN
FORM,FORM,FORM
FORMATTED,FORMATTED,FORMATTED
FR,FR,FR
FRBR,FRBR,FRBR
FRBRization,FRBRization,FRBRization
FRBRizeEditions,FRBRizeEditions,FRBRizeEditions
FRBRizing,FRBRizing,FRBRizing
FROM,FROM,FROM
FTP,FTP,FTP
FacetLabelTruncationLength,FacetLabelTruncationLength,FacetLabelTruncationLength
FacetMaxCount,FacetMaxCount,FacetMaxCount
FacetOrder,FacetOrder,FacetOrder
FailedLoginAttempts,FailedLoginAttempts,FailedLoginAttempts
FallbackToSMSIfNoEmail,FallbackToSMSIfNoEmail,FallbackToSMSIfNoEmail
FeeOnChangePatronCategory,FeeOnChangePatronCategory,FeeOnChangePatronCategory
FilterBeforeOverdueReport,FilterBeforeOverdueReport,FilterBeforeOverdueReport
FineNotifyAtCheckin,FineNotifyAtCheckin,FineNotifyAtCheckin
FinePaymentAutoPopup,FinePaymentAutoPopup,FinePaymentAutoPopup
FinesIncludeGracePeriod,FinesIncludeGracePeriod,FinesIncludeGracePeriod
FinesLog,FinesLog,FinesLog
ForceLibrarySelection,ForceLibrarySelection,ForceLibrarySelection
ForcePasswordResetWhenSetByStaff,ForcePasswordResetWhenSetByStaff,ForcePasswordResetWhenSetByStaff
FreeForm,FreeForm,FreeForm
FreeFrom,FreeFrom,FreeFrom
FreeOTP,FreeOTP,FreeOTP
GDPR,GDPR,GDPR
GEN,GEN,GEN
GENERAL,GENERAL,GENERAL
GENRE,GENRE,GENRE
GENREQ,GENREQ,GENREQ
GEOGRAPHICAL,GEOGRAPHICAL,GEOGRAPHICAL
GIR,GIR,GIR
GMD,GMD,GMD
GNU,GNU,GNU
GPL,GPL,GPL
GPO,GPO,GPO
GREATER,GREATER,GREATER
GUI,GUI,GUI
GoogleJackets,GoogleJackets,GoogleJackets
GoogleOpenIDConnect,GoogleOpenIDConnect,GoogleOpenIDConnect
GoogleOpenIDConnectAutoRegister,GoogleOpenIDConnectAutoRegister,GoogleOpenIDConnectAutoRegister
GoogleOpenIDConnectDefaultBranch,GoogleOpenIDConnectDefaultBranch,GoogleOpenIDConnectDefaultBranch
GoogleOpenIDConnectDefaultCategory,GoogleOpenIDConnectDefaultCategory,GoogleOpenIDConnectDefaultCategory
GoogleOpenIDConnectDomain,GoogleOpenIDConnectDomain,GoogleOpenIDConnectDomain
HALIFAX,HALIFAX,HALIFAX
HALTON,HALTON,HALTON
HAS,HAS,HAS
HEN,HEN,HEN
HH,HH,HH
HHMMSS,HHMMSS,HHMMSS
HILLS,HILLS,HILLS
HINGS,HINGS,HINGS
HOLD,HOLD,HOLD
HOLDDGST,HOLDDGST,HOLDDGST
HOLDER,HOLDER,HOLDER
HOLDERS,HOLDERS,HOLDERS
HOLDPLACED,HOLDPLACED,HOLDPLACED
HOLDS,HOLDS,HOLDS
HORIZON,HORIZON,HORIZON
HOST,HOST,HOST
HSBND,HSBND,HSBND
HTML,HTML,HTML
HTTP,HTTP,HTTP
HidePatronName,HidePatronName,HidePatronName
HidePersonalPatronDetailOnCirculation,HidePersonalPatronDetailOnCirculation,HidePersonalPatronDetailOnCirculation
HighlightOwnItemsOnOPAC,HighlightOwnItemsOnOPAC,HighlightOwnItemsOnOPAC
HighlightOwnItemsOnOPACWhich,HighlightOwnItemsOnOPACWhich,HighlightOwnItemsOnOPACWhich
HoldFeeMode,HoldFeeMode,HoldFeeMode
HoldRatioDefault,HoldRatioDefault,HoldRatioDefault
HoldingsIQ,HoldingsIQ,HoldingsIQ
HoldsAutoFill,HoldsAutoFill,HoldsAutoFill
HoldsAutoFillPrintSlip,HoldsAutoFillPrintSlip,HoldsAutoFillPrintSlip
HoldsLog,HoldsLog,HoldsLog
HoldsNeedProcessingSIP,HoldsNeedProcessingSIP,HoldsNeedProcessingSIP
HoldsQueuePrioritizeBranch,HoldsQueuePrioritizeBranch,HoldsQueuePrioritizeBranch
HoldsQueueSkipClosed,HoldsQueueSkipClosed,HoldsQueueSkipClosed
HoldsSplitQueue,HoldsSplitQueue,HoldsSplitQueue
HoldsSplitQueueNumbering,HoldsSplitQueueNumbering,HoldsSplitQueueNumbering
HoldsToPullStartDate,HoldsToPullStartDate,HoldsToPullStartDate
HomeOrHoldingBranch,HomeOrHoldingBranch,HomeOrHoldingBranch
HouseboundModule,HouseboundModule,HouseboundModule
ICU,ICU,ICU
ID,ID,ID
IDENTIFIER,IDENTIFIER,IDENTIFIER
IDLINK,IDLINK,IDLINK
IDs,IDs,IDs
IF,IF,IF
IFLA,IFLA,IFLA
IIIP,IIIP,IIIP
IL,IL,IL
ILL,ILL,ILL
ILLCheckAvailability,ILLCheckAvailability,ILLCheckAvailability
ILLDefaultStaffEmail,ILLDefaultStaffEmail,ILLDefaultStaffEmail
ILLHiddenRequestStatuses,ILLHiddenRequestStatuses,ILLHiddenRequestStatuses
ILLModule,ILLModule,ILLModule
ILLModuleCopyrightClearance,ILLModuleCopyrightClearance,ILLModuleCopyrightClearance
ILLModuleDisclaimerByType,ILLModuleDisclaimerByType,ILLModuleDisclaimerByType
ILLModuleUnmediated,ILLModuleUnmediated,ILLModuleUnmediated
ILLOpacbackends,ILLOpacbackends,ILLOpacbackends
ILLPartnerCode,ILLPartnerCode,ILLPartnerCode
ILLSendStaffNotices,ILLSendStaffNotices,ILLSendStaffNotices
ILLbackendspickerstaff,ILLbackendspickerstaff,ILLbackendspickerstaff
ILLform,ILLform,ILLform
ILLformpicker,ILLformpicker,ILLformpicker
ILLformpickerstaff,ILLformpickerstaff,ILLformpickerstaff
ILLrequestsfilters,ILLrequestsfilters,ILLrequestsfilters
ILS,ILS,ILS
ILSDI,ILSDI,ILSDI
IMPLIED,IMPLIED,IMPLIED
IMPRINT,IMPRINT,IMPRINT
IN,IN,IN
INABILITY,INABILITY,INABILITY
INACCURATE,INACCURATE,INACCURATE
INACTIVE,INACTIVE,INACTIVE
INCIDENTAL,INCIDENTAL,INCIDENTAL
INCLUDING,INCLUDING,INCLUDING
INDEX,INDEX,INDEX
INFORMATION,INFORMATION,INFORMATION
INNOPAC,INNOPAC,INNOPAC
INST,INST,INST
INSTALLER,INSTALLER,INSTALLER
INSTID,INSTID,INSTID
INTERFACE,INTERFACE,INTERFACE
INTRANET,INTRANET,INTRANET
INTRAdidyoumean,INTRAdidyoumean,INTRAdidyoumean
INTRODUCTION,INTRODUCTION,INTRODUCTION
INVENTORY,INVENTORY,INVENTORY
INVOICE,INVOICE,INVOICE
IP,IP,IP
IPs,IPs,IPs
IR,IR,IR
IRSpy,IRSpy,IRSpy
IS,IS,IS
ISBD,ISBD,ISBD
ISBN,ISBN,ISBN
ISBNs,ISBNs,ISBNs
ISDB,ISDB,ISDB
ISO,ISO,ISO
ISSN,ISSN,ISSN
ISSNs,ISSNs,ISSNs
ISSUE,ISSUE,ISSUE
ISSUEQSLIP,ISSUEQSLIP,ISSUEQSLIP
ISSUESLIP,ISSUESLIP,ISSUESLIP
ITEM,ITEM,ITEM
ITEMTYPECAT,ITEMTYPECAT,ITEMTYPECAT
ITF,ITF,ITF
IdRef,IdRef,IdRef
IllLog,IllLog,IllLog
ImageLimit,ImageLimit,ImageLimit
IncludeSeeFromInSearches,IncludeSeeFromInSearches,IncludeSeeFromInSearches
IndependentBranches,IndependentBranches,IndependentBranches
IndependentBranchesPatronModifications,IndependentBranchesPatronModifications,IndependentBranchesPatronModifications
IndexData,IndexData,IndexData
IntranetAddMastheadLibraryPulldown,IntranetAddMastheadLibraryPulldown,IntranetAddMastheadLibraryPulldown
IntranetBiblioDefaultView,IntranetBiblioDefaultView,IntranetBiblioDefaultView
IntranetCatalogSearchPulldown,IntranetCatalogSearchPulldown,IntranetCatalogSearchPulldown
IntranetCirculationHomeHTML,IntranetCirculationHomeHTML,IntranetCirculationHomeHTML
IntranetFavicon,IntranetFavicon,IntranetFavicon
IntranetNav,IntranetNav,IntranetNav
IntranetNumbersPreferPhrase,IntranetNumbersPreferPhrase,IntranetNumbersPreferPhrase
IntranetReadingHistoryHolds,IntranetReadingHistoryHolds,IntranetReadingHistoryHolds
IntranetReportsHomeHTML,IntranetReportsHomeHTML,IntranetReportsHomeHTML
IntranetSlipPrinterJS,IntranetSlipPrinterJS,IntranetSlipPrinterJS
IntranetUserCSS,IntranetUserCSS,IntranetUserCSS
IntranetUserJS,IntranetUserJS,IntranetUserJS
IntranetmainUserBlock,IntranetmainUserBlock,IntranetmainUserBlock
IntranetmainUserblock,IntranetmainUserblock,IntranetmainUserblock
IssueLog,IssueLog,IssueLog
IssueLostItem,IssueLostItem,IssueLostItem
IssuingInProcess,IssuingInProcess,IssuingInProcess
ItemsDeniedRenewal,ItemsDeniedRenewal,ItemsDeniedRenewal
JOAQUIN,JOAQUIN,JOAQUIN
JOBS,JOBS,JOBS
JPEG,JPEG,JPEG
JQuery,JQuery,JQuery
JS,JS,JS
JSON,JSON,JSON
JavaScript,JavaScript,JavaScript
KB,KB,KB
KBART,KBART,KBART
KIND,KIND,KIND
KLMNOP,KLMNOP,KLMNOP
KOC,KOC,KOC
KOCT,KOCT,KOCT
KOHA,KOHA,KOHA
KPZ,KPZ,KPZ
KR,KR,KR
KT,KT,KT
KTD,KTD,KTD
KU,KU,KU
KohaAdminEmailAddress,KohaAdminEmailAddress,KohaAdminEmailAddress
KohaDates,KohaDates,KohaDates
KohaManualBaseURL,KohaManualBaseURL,KohaManualBaseURL
KohaManualLanguage,KohaManualLanguage,KohaManualLanguage
LANG,LANG,LANG
LANGUAGE,LANGUAGE,LANGUAGE
LATEST,LATEST,LATEST
LAW,LAW,LAW
LC,LC,LC
LCC,LCC,LCC
LCCN,LCCN,LCCN
LCDB,LCDB,LCDB
LCL,LCL,LCL
LCSH,LCSH,LCSH
LDAP,LDAP,LDAP
LDR,LDR,LDR
LEADER,LEADER,LEADER
LENGTH,LENGTH,LENGTH
LIABLE,LIABLE,LIABLE
LIBRARIES,LIBRARIES,LIBRARIES
LIBRARIESAUSTRALIA,LIBRARIESAUSTRALIA,LIBRARIESAUSTRALIA
LIBRARY,LIBRARY,LIBRARY
LIBRIS,LIBRIS,LIBRIS
LIKE,LIKE,LIKE
LIMIT,LIMIT,LIMIT
LIMITED,LIMITED,LIMITED
LIST,LIST,LIST
LISTS,LISTS,LISTS
LOC,LOC,LOC
LOCAL,LOCAL,LOCAL
LOCATION,LOCATION,LOCATION
LOCvalues,LOCvalues,LOCvalues
LOGIN,LOGIN,LOGIN
LONDON,LONDON,LONDON
LOSS,LOSS,LOSS
LOSSES,LOSSES,LOSSES
LOST,LOST,LOST
LP,LP,LP
LRG,LRG,LRG
LRP,LRP,LRP
LSQ,LSQ,LSQ
LabelMARCView,LabelMARCView,LabelMARCView
LibraryName,LibraryName,LibraryName
LibraryThing,LibraryThing,LibraryThing
LibraryThingForLibrariesEnabled,LibraryThingForLibrariesEnabled,LibraryThingForLibrariesEnabled
LibraryThingForLibrariesID,LibraryThingForLibrariesID,LibraryThingForLibrariesID
LibraryThingForLibrariesTabbedView,LibraryThingForLibrariesTabbedView,LibraryThingForLibrariesTabbedView
LibrisKey,LibrisKey,LibrisKey
LibrisURL,LibrisURL,LibrisURL
LinkedIn,LinkedIn,LinkedIn
LinkerConsiderThesaurus,LinkerConsiderThesaurus,LinkerConsiderThesaurus
LinkerKeepStale,LinkerKeepStale,LinkerKeepStale
LinkerModule,LinkerModule,LinkerModule
LinkerOptions,LinkerOptions,LinkerOptions
LinkerRelink,LinkerRelink,LinkerRelink
ListIdentifier,ListIdentifier,ListIdentifier
ListIdentifiers,ListIdentifiers,ListIdentifiers
ListOwnerDesignated,ListOwnerDesignated,ListOwnerDesignated
ListOwnershipUponPatronDeletion,ListOwnershipUponPatronDeletion,ListOwnershipUponPatronDeletion
ListRecord,ListRecord,ListRecord
ListRecords,ListRecords,ListRecords
LoadCheckoutsTableDelay,LoadCheckoutsTableDelay,LoadCheckoutsTableDelay
LoadSearchHistoryToTheFirstLoggedUser,LoadSearchHistoryToTheFirstLoggedUser,LoadSearchHistoryToTheFirstLoggedUser
LocalCoverImages,LocalCoverImages,LocalCoverImages
LocalHoldsPriority,LocalHoldsPriority,LocalHoldsPriority
LocalHoldsPriorityItemControl,LocalHoldsPriorityItemControl,LocalHoldsPriorityItemControl
LocalHoldsPriorityPatronControl,LocalHoldsPriorityPatronControl,LocalHoldsPriorityPatronControl
LocalStorage,LocalStorage,LocalStorage
LockExpiredDelay,LockExpiredDelay,LockExpiredDelay
MAGAZINE,MAGAZINE,MAGAZINE
MAIN,MAIN,MAIN
MANITOBA,MANITOBA,MANITOBA
MANUAL,MANUAL,MANUAL
MARC,MARC,MARC
MARCEdit,MARCEdit,MARCEdit
MARCFieldDocURL,MARCFieldDocURL,MARCFieldDocURL
MARCOrgCode,MARCOrgCode,MARCOrgCode
MARCOverlayRules,MARCOverlayRules,MARCOverlayRules
MARCXML,MARCXML,MARCXML
MB,MB,MB
MED,MED,MED
MEETING,MEETING,MEETING
MEMBERS,MEMBERS,MEMBERS
MEMBERSHIP,MEMBERSHIP,MEMBERSHIP
MERCHANTABILITY,MERCHANTABILITY,MERCHANTABILITY
MIDI,MIDI,MIDI
MILTON,MILTON,MILTON
MIME,MIME,MIME
MISC,MISC,MISC
MLB,MLB,MLB
MM,MM,MM
MODIFIES,MODIFIES,MODIFIES
MODIFY,MODIFY,MODIFY
MODS,MODS,MODS
MP,MP,MP
MPL,MPL,MPL
MU,MU,MU
MUSIC,MUSIC,MUSIC
MX,MX,MX
ManaToken,ManaToken,ManaToken
MarcBreaker,MarcBreaker,MarcBreaker
MarcEdit,MarcEdit,MarcEdit
MarcFieldDocURL,MarcFieldDocURL,MarcFieldDocURL
MarcFieldForCreatorId,MarcFieldForCreatorId,MarcFieldForCreatorId
MarcFieldForCreatorName,MarcFieldForCreatorName,MarcFieldForCreatorName
MarcFieldForModifierId,MarcFieldForModifierId,MarcFieldForModifierId
MarcFieldForModifierName,MarcFieldForModifierName,MarcFieldForModifierName
MarcFieldsToOrder,MarcFieldsToOrder,MarcFieldsToOrder
MarcItemFieldsToOrder,MarcItemFieldsToOrder,MarcItemFieldsToOrder
MariaDB,MariaDB,MariaDB
MarkLostItemsAsReturned,MarkLostItemsAsReturned,MarkLostItemsAsReturned
MaxComponentRecords,MaxComponentRecords,MaxComponentRecords
MaxCount,MaxCount,MaxCount
MaxFine,MaxFine,MaxFine
MaxItemsToDisplayForBatchDel,MaxItemsToDisplayForBatchDel,MaxItemsToDisplayForBatchDel
MaxItemsToDisplayForBatchMod,MaxItemsToDisplayForBatchMod,MaxItemsToDisplayForBatchMod
MaxItemsToProcessForBatchMod,MaxItemsToProcessForBatchMod,MaxItemsToProcessForBatchMod
MaxOpenSuggestions,MaxOpenSuggestions,MaxOpenSuggestions
MaxSearchResultsItemsPerRecordStatusCheck,MaxSearchResultsItemsPerRecordStatusCheck,MaxSearchResultsItemsPerRecordStatusCheck
MaxTotalSuggestions,MaxTotalSuggestions,MaxTotalSuggestions
MembershipExpiryDaysNotice,MembershipExpiryDaysNotice,MembershipExpiryDaysNotice
MergeReportFields,MergeReportFields,MergeReportFields
MixedContent,MixedContent,MixedContent
MonthName,MonthName,MonthName
MyILLrequests,MyILLrequests,MyILLrequests
MySQL,MySQL,MySQL
NAF,NAF,NAF
NAL,NAL,NAL
NAME,NAME,NAME
NATIONAL,NATIONAL,NATIONAL
NCE,NCE,NCE
NECESSARY,NECESSARY,NECESSARY
NEKLS,NEKLS,NEKLS
NEW,NEW,NEW
NEWBK,NEWBK,NEWBK
NEWFIC,NEWFIC,NEWFIC
NEWS,NEWS,NEWS
NEWSPAPER,NEWSPAPER,NEWSPAPER
NFIC,NFIC,NFIC
NHUPAC,NHUPAC,NHUPAC
NISO,NISO,NISO
NLM,NLM,NLM
NO,NO,NO
NORMARC,NORMARC,NORMARC
NOT,NOT,NOT
NOTE,NOTE,NOTE
NOTICES,NOTICES,NOTICES
NOTIFY,NOTIFY,NOTIFY
NT,NT,NT
NULL,NULL,NULL
NUMBER,NUMBER,NUMBER
NewItemsDefaultLocation,NewItemsDefaultLocation,NewItemsDefaultLocation
NewsAuthorDisplay,NewsAuthorDisplay,NewsAuthorDisplay
NewsLog,NewsLog,NewsLog
NoIssuesChargeGuarantees,NoIssuesChargeGuarantees,NoIssuesChargeGuarantees
NoIssuesChargeGuarantorsWithGuarantees,NoIssuesChargeGuarantorsWithGuarantees,NoIssuesChargeGuarantorsWithGuarantees
NoRefundOnLostReturnedItemsAge,NoRefundOnLostReturnedItemsAge,NoRefundOnLostReturnedItemsAge
NoRenewalBeforePrecision,NoRenewalBeforePrecision,NoRenewalBeforePrecision
NotHighlightedWords,NotHighlightedWords,NotHighlightedWords
NotesToHide,NotesToHide,NotesToHide
NoticeBcc,NoticeBcc,NoticeBcc
NoticeCSS,NoticeCSS,NoticeCSS
NoticesLog,NoticesLog,NoticesLog
NotifyBorrowerDeparture,NotifyBorrowerDeparture,NotifyBorrowerDeparture
NotifyPasswordChange,NotifyPasswordChange,NotifyPasswordChange
NovelList,NovelList,NovelList
NovelistSelectEnabled,NovelistSelectEnabled,NovelistSelectEnabled
NovelistSelectPassword,NovelistSelectPassword,NovelistSelectPassword
NovelistSelectProfile,NovelistSelectProfile,NovelistSelectProfile
NovelistSelectStaffEnabled,NovelistSelectStaffEnabled,NovelistSelectStaffEnabled
NovelistSelectStaffProfile,NovelistSelectStaffProfile,NovelistSelectStaffProfile
NovelistSelectStaffView,NovelistSelectStaffView,NovelistSelectStaffView
NovelistSelectView,NovelistSelectView,NovelistSelectView
NumSavedReports,NumSavedReports,NumSavedReports
NumberOfSuggestionDays,NumberOfSuggestionDays,NumberOfSuggestionDays
OAI,OAI,OAI
OAuth,OAuth,OAuth
OCEAN,OCEAN,OCEAN
OCLC,OCLC,OCLC
OCoLC,OCoLC,OCoLC
ODS,ODS,ODS
ODUE,ODUE,ODUE
OF,OF,OF
OFF,OFF,OFF
OH,OH,OH
OHIOLINK,OHIOLINK,OHIOLINK
OIDC,OIDC,OIDC
OK,OK,OK
ON,ON,ON
ONLYMESSAGE,ONLYMESSAGE,ONLYMESSAGE
OPAC,OPAC,OPAC
OPACAcquisitionDetails,OPACAcquisitionDetails,OPACAcquisitionDetails
OPACAllowHoldDateInFuture,OPACAllowHoldDateInFuture,OPACAllowHoldDateInFuture
OPACAllowUserToChangeBranch,OPACAllowUserToChangeBranch,OPACAllowUserToChangeBranch
OPACAllowUserToChooseBranch,OPACAllowUserToChooseBranch,OPACAllowUserToChooseBranch
OPACAmazonCoverImages,OPACAmazonCoverImages,OPACAmazonCoverImages
OPACAuthorIdentifiers,OPACAuthorIdentifiers,OPACAuthorIdentifiers
OPACAuthorIdentifiersAndInformation,OPACAuthorIdentifiersAndInformation,OPACAuthorIdentifiersAndInformation
OPACBASEURL,OPACBASEURL,OPACBASEURL
OPACBaseURL,OPACBaseURL,OPACBaseURL
OPACComments,OPACComments,OPACComments
OPACCustomCoverImages,OPACCustomCoverImages,OPACCustomCoverImages
OPACDetailQRCode,OPACDetailQRCode,OPACDetailQRCode
OPACFRBRizeEditions,OPACFRBRizeEditions,OPACFRBRizeEditions
OPACFallback,OPACFallback,OPACFallback
OPACFineNoRenewals,OPACFineNoRenewals,OPACFineNoRenewals
OPACFineNoRenewalsBlockAutoRenew,OPACFineNoRenewalsBlockAutoRenew,OPACFineNoRenewalsBlockAutoRenew
OPACFineNoRenewalsIncludeCredits,OPACFineNoRenewalsIncludeCredits,OPACFineNoRenewalsIncludeCredits
OPACFinesTab,OPACFinesTab,OPACFinesTab
OPACHoldRequests,OPACHoldRequests,OPACHoldRequests
OPACHoldingsDefaultSortField,OPACHoldingsDefaultSortField,OPACHoldingsDefaultSortField
OPACHoldsHistory,OPACHoldsHistory,OPACHoldsHistory
OPACHoldsIfAvailableAtPickup,OPACHoldsIfAvailableAtPickup,OPACHoldsIfAvailableAtPickup
OPACHoldsIfAvailableAtPickupExceptions,OPACHoldsIfAvailableAtPickupExceptions,OPACHoldsIfAvailableAtPickupExceptions
OPACISBD,OPACISBD,OPACISBD
OPACLanguages,OPACLanguages,OPACLanguages
OPACLocalCoverImages,OPACLocalCoverImages,OPACLocalCoverImages
OPACLoginLabelTextContent,OPACLoginLabelTextContent,OPACLoginLabelTextContent
OPACMainUserBlock,OPACMainUserBlock,OPACMainUserBlock
OPACMySummaryHTML,OPACMySummaryHTML,OPACMySummaryHTML
OPACNoItemTypeImages,OPACNoItemTypeImages,OPACNoItemTypeImages
OPACNoResultsFound,OPACNoResultsFound,OPACNoResultsFound
OPACNumbersPreferPhrase,OPACNumbersPreferPhrase,OPACNumbersPreferPhrase
OPACOverDrive,OPACOverDrive,OPACOverDrive
OPACPatronDetails,OPACPatronDetails,OPACPatronDetails
OPACPlayMusicalInscripts,OPACPlayMusicalInscripts,OPACPlayMusicalInscripts
OPACPopupAuthorsSearch,OPACPopupAuthorsSearch,OPACPopupAuthorsSearch
OPACPrivacy,OPACPrivacy,OPACPrivacy
OPACRenew,OPACRenew,OPACRenew
OPACReportProblem,OPACReportProblem,OPACReportProblem
OPACResultsLibrary,OPACResultsLibrary,OPACResultsLibrary
OPACResultsMaxItems,OPACResultsMaxItems,OPACResultsMaxItems
OPACResultsMaxItemsUnavailable,OPACResultsMaxItemsUnavailable,OPACResultsMaxItemsUnavailable
OPACResultsSidebar,OPACResultsSidebar,OPACResultsSidebar
OPACResultsUnavailableGroupingBy,OPACResultsUnavailableGroupingBy,OPACResultsUnavailableGroupingBy
OPACSMSSendDriver,OPACSMSSendDriver,OPACSMSSendDriver
OPACSearchForTitleIn,OPACSearchForTitleIn,OPACSearchForTitleIn
OPACSerialIssueDisplayCount,OPACSerialIssueDisplayCount,OPACSerialIssueDisplayCount
OPACShelfBrowser,OPACShelfBrowser,OPACShelfBrowser
OPACShibOnly,OPACShibOnly,OPACShibOnly
OPACShowCheckoutName,OPACShowCheckoutName,OPACShowCheckoutName
OPACShowHoldQueueDetails,OPACShowHoldQueueDetails,OPACShowHoldQueueDetails
OPACShowLibraries,OPACShowLibraries,OPACShowLibraries
OPACShowMusicalInscripts,OPACShowMusicalInscripts,OPACShowMusicalInscripts
OPACShowSavings,OPACShowSavings,OPACShowSavings
OPACShowUnusedAuthorities,OPACShowUnusedAuthorities,OPACShowUnusedAuthorities
OPACSuggestionAutoFill,OPACSuggestionAutoFill,OPACSuggestionAutoFill
OPACSuggestionMandatoryFields,OPACSuggestionMandatoryFields,OPACSuggestionMandatoryFields
OPACSuggestionUnwantedFields,OPACSuggestionUnwantedFields,OPACSuggestionUnwantedFields
OPACURLOpenInNewWindow,OPACURLOpenInNewWindow,OPACURLOpenInNewWindow
OPACUserCSS,OPACUserCSS,OPACUserCSS
OPACUserJS,OPACUserJS,OPACUserJS
OPACUserSummary,OPACUserSummary,OPACUserSummary
OPACViewOthersSuggestions,OPACViewOthersSuggestions,OPACViewOthersSuggestions
OPACVirtualCard,OPACVirtualCard,OPACVirtualCard
OPACVirtualCardBarcode,OPACVirtualCardBarcode,OPACVirtualCardBarcode
OPACXSLTDetailsDisplay,OPACXSLTDetailsDisplay,OPACXSLTDetailsDisplay
OPACXSLTListsDisplay,OPACXSLTListsDisplay,OPACXSLTListsDisplay
OPACXSLTResultsDisplay,OPACXSLTResultsDisplay,OPACXSLTResultsDisplay
OPACdefaultSortField,OPACdefaultSortField,OPACdefaultSortField
OPACdefaultSortOrder,OPACdefaultSortOrder,OPACdefaultSortOrder
OPACdidyoumean,OPACdidyoumean,OPACdidyoumean
OPACnoItemTypeImages,OPACnoItemTypeImages,OPACnoItemTypeImages
OPACnumSearchResults,OPACnumSearchResults,OPACnumSearchResults
OPACnumSearchResultsDropdown,OPACnumSearchResultsDropdown,OPACnumSearchResultsDropdown
OPACpatronimages,OPACpatronimages,OPACpatronimages
OPACs,OPACs,OPACs
OPERATE,OPERATE,OPERATE
OPTION,OPTION,OPTION
OR,OR,OR
ORDER,ORDER,ORDER
ORDERED,ORDERED,ORDERED
ORG,ORG,ORG
OSt,OSt,OSt
OTHER,OTHER,OTHER
OTHERWISE,OTHERWISE,OTHERWISE
OUT,OUT,OUT
OUs,OUs,OUs
OVERDUE,OVERDUE,OVERDUE
OVERDUES,OVERDUES,OVERDUES
OVERPAYMENT,OVERPAYMENT,OVERPAYMENT
OVERRIDE,OVERRIDE,OVERRIDE
OnSiteCheckoutAutoCheck,OnSiteCheckoutAutoCheck,OnSiteCheckoutAutoCheck
OnSiteCheckouts,OnSiteCheckouts,OnSiteCheckouts
OnSiteCheckoutsForce,OnSiteCheckoutsForce,OnSiteCheckoutsForce
OnlineReference,OnlineReference,OnlineReference
OpacAddMastheadLibraryPulldown,OpacAddMastheadLibraryPulldown,OpacAddMastheadLibraryPulldown
OpacAdditionalStylesheet,OpacAdditionalStylesheet,OpacAdditionalStylesheet
OpacAdvSearchMoreOptions,OpacAdvSearchMoreOptions,OpacAdvSearchMoreOptions
OpacAdvSearchOptions,OpacAdvSearchOptions,OpacAdvSearchOptions
OpacAdvancedSearchTypes,OpacAdvancedSearchTypes,OpacAdvancedSearchTypes
OpacAllowPublicListCreation,OpacAllowPublicListCreation,OpacAllowPublicListCreation
OpacAllowSharingPrivateLists,OpacAllowSharingPrivateLists,OpacAllowSharingPrivateLists
OpacAuthorities,OpacAuthorities,OpacAuthorities
OpacBaseURL,OpacBaseURL,OpacBaseURL
OpacBrowseResults,OpacBrowseResults,OpacBrowseResults
OpacBrowseSearch,OpacBrowseSearch,OpacBrowseSearch
OpacBrowser,OpacBrowser,OpacBrowser
OpacCatalogConcerns,OpacCatalogConcerns,OpacCatalogConcerns
OpacCloud,OpacCloud,OpacCloud
OpacCustomSearch,OpacCustomSearch,OpacCustomSearch
OpacExportOptions,OpacExportOptions,OpacExportOptions
OpacFavicon,OpacFavicon,OpacFavicon
OpacHiddenItems,OpacHiddenItems,OpacHiddenItems
OpacHiddenItemsExceptions,OpacHiddenItemsExceptions,OpacHiddenItemsExceptions
OpacHighlightedWords,OpacHighlightedWords,OpacHighlightedWords
OpacHoldNotes,OpacHoldNotes,OpacHoldNotes
OpacItemLocation,OpacItemLocation,OpacItemLocation
OpacKohaUrl,OpacKohaUrl,OpacKohaUrl
OpacLangSelectorMode,OpacLangSelectorMode,OpacLangSelectorMode
OpacLibraryInfo,OpacLibraryInfo,OpacLibraryInfo
OpacLocationBranchToDisplay,OpacLocationBranchToDisplay,OpacLocationBranchToDisplay
OpacLocationOnDetail,OpacLocationOnDetail,OpacLocationOnDetail
OpacLoginInstructions,OpacLoginInstructions,OpacLoginInstructions
OpacMainUserBlock,OpacMainUserBlock,OpacMainUserBlock
OpacMaintenance,OpacMaintenance,OpacMaintenance
OpacMaintenanceNotice,OpacMaintenanceNotice,OpacMaintenanceNotice
OpacMaxItemsToDisplay,OpacMaxItemsToDisplay,OpacMaxItemsToDisplay
OpacMetaDescription,OpacMetaDescription,OpacMetaDescription
OpacMetaRobots,OpacMetaRobots,OpacMetaRobots
OpacMoreSearches,OpacMoreSearches,OpacMoreSearches
OpacMySummaryNote,OpacMySummaryNote,OpacMySummaryNote
OpacNav,OpacNav,OpacNav
OpacNavBottom,OpacNavBottom,OpacNavBottom
OpacNavRight,OpacNavRight,OpacNavRight
OpacNewsLibrarySelect,OpacNewsLibrarySelect,OpacNewsLibrarySelect
OpacNoItemTypeImages,OpacNoItemTypeImages,OpacNoItemTypeImages
OpacPasswordChange,OpacPasswordChange,OpacPasswordChange
OpacPublic,OpacPublic,OpacPublic
OpacRenewalAllowed,OpacRenewalAllowed,OpacRenewalAllowed
OpacRenewalBranch,OpacRenewalBranch,OpacRenewalBranch
OpacResetPassword,OpacResetPassword,OpacResetPassword
OpacSeparateHoldings,OpacSeparateHoldings,OpacSeparateHoldings
OpacSeparateHoldingsBranch,OpacSeparateHoldingsBranch,OpacSeparateHoldingsBranch
OpacShowRecentComments,OpacShowRecentComments,OpacShowRecentComments
OpacStarRatings,OpacStarRatings,OpacStarRatings
OpacSuggestionInstructions,OpacSuggestionInstructions,OpacSuggestionInstructions
OpacSuggestionManagedBy,OpacSuggestionManagedBy,OpacSuggestionManagedBy
OpacSuppression,OpacSuppression,OpacSuppression
OpacSuppressionByIPRange,OpacSuppressionByIPRange,OpacSuppressionByIPRange
OpacSuppressionMessage,OpacSuppressionMessage,OpacSuppressionMessage
OpacSuppressionRedirect,OpacSuppressionRedirect,OpacSuppressionRedirect
OpacTopissue,OpacTopissue,OpacTopissue
OpacTrustedCheckout,OpacTrustedCheckout,OpacTrustedCheckout
OpacUserJS,OpacUserJS,OpacUserJS
OpenAPI,OpenAPI,OpenAPI
OpenDocument,OpenDocument,OpenDocument
OpenID,OpenID,OpenID
OpenLibraryCovers,OpenLibraryCovers,OpenLibraryCovers
OpenLibrarySearch,OpenLibrarySearch,OpenLibrarySearch
OpenURL,OpenURL,OpenURL
OrderPdfFormat,OrderPdfFormat,OrderPdfFormat
OrderPriceRounding,OrderPriceRounding,OrderPriceRounding
OverDrive,OverDrive,OverDrive
OverDriveAuthname,OverDriveAuthname,OverDriveAuthname
OverDriveCirculation,OverDriveCirculation,OverDriveCirculation
OverDriveClientKey,OverDriveClientKey,OverDriveClientKey
OverDriveClientSecret,OverDriveClientSecret,OverDriveClientSecret
OverDriveLibraryID,OverDriveLibraryID,OverDriveLibraryID
OverDrivePasswordRequired,OverDrivePasswordRequired,OverDrivePasswordRequired
OverDriveUsername,OverDriveUsername,OverDriveUsername
OverDriveWebsiteID,OverDriveWebsiteID,OverDriveWebsiteID
OverdueNoticeCalendar,OverdueNoticeCalendar,OverdueNoticeCalendar
OverdueNoticeFrom,OverdueNoticeFrom,OverdueNoticeFrom
OverduesBlockCirc,OverduesBlockCirc,OverduesBlockCirc
OverduesBlockRenewing,OverduesBlockRenewing,OverduesBlockRenewing
PA,PA,PA
PARAMETERS,PARAMETERS,PARAMETERS
PARENT,PARENT,PARENT
PARTICULAR,PARTICULAR,PARTICULAR
PARTIES,PARTIES,PARTIES
PARTY,PARTY,PARTY
PASS,PASS,PASS
PASSWORD,PASSWORD,PASSWORD
PAT,PAT,PAT
PATRON,PATRON,PATRON
PATRONS,PATRONS,PATRONS
PAYMENT,PAYMENT,PAYMENT
PAYOUT,PAYOUT,PAYOUT
PC,PC,PC
PDF,PDF,PDF
PDFs,PDFs,PDFs
PENNSYLVANIA,PENNSYLVANIA,PENNSYLVANIA
PERFORMANCE,PERFORMANCE,PERFORMANCE
PERMITTED,PERMITTED,PERMITTED
PERSONAL,PERSONAL,PERSONAL
PG,PG,PG
PHOTOCOPY,PHOTOCOPY,PHOTOCOPY
PHYSICAL,PHYSICAL,PHYSICAL
PICKUP,PICKUP,PICKUP
PIN,PIN,PIN
PL,PL,PL
PLUGINS,PLUGINS,PLUGINS
PM,PM,PM
PMH,PMH,PMH
POINT,POINT,POINT
POS,POS,POS
POSSIBILITY,POSSIBILITY,POSSIBILITY
PQF,PQF,PQF
PR,PR,PR
PREDUE,PREDUE,PREDUE
PREDUEDGST,PREDUEDGST,PREDUEDGST
PREFERENCES,PREFERENCES,PREFERENCES
PREFIX,PREFIX,PREFIX
PREOVERDUE,PREOVERDUE,PREOVERDUE
PRESERVATION,PRESERVATION,PRESERVATION
PRINT,PRINT,PRINT
PROBLEM,PROBLEM,PROBLEM
PROC,PROC,PROC
PROCESSING,PROCESSING,PROCESSING
PRODUCTION,PRODUCTION,PRODUCTION
PROGRAM,PROGRAM,PROGRAM
PROGRAMS,PROGRAMS,PROGRAMS
PROVE,PROVE,PROVE
PROVENANCE,PROVENANCE,PROVENANCE
PROVIDE,PROVIDE,PROVIDE
PROXY,PROXY,PROXY
PT,PT,PT
PTFS,PTFS,PTFS
PUBCAT,PUBCAT,PUBCAT
PUBLIC,PUBLIC,PUBLIC
PUBLICATION,PUBLICATION,PUBLICATION
PURCHASE,PURCHASE,PURCHASE
PURPOSE,PURPOSE,PURPOSE
PWDalgorithm,PWDalgorithm,PWDalgorithm
PassItemMarcToXSLT,PassItemMarcToXSLT,PassItemMarcToXSLT
PatronAnonymizeDelay,PatronAnonymizeDelay,PatronAnonymizeDelay
PatronAutoComplete,PatronAutoComplete,PatronAutoComplete
PatronDuplicateMatchingAddFIelds,PatronDuplicateMatchingAddFIelds,PatronDuplicateMatchingAddFIelds
PatronDuplicateMatchingAddFields,PatronDuplicateMatchingAddFields,PatronDuplicateMatchingAddFields
PatronQuickAddFields,PatronQuickAddFields,PatronQuickAddFields
PatronRemovalDelay,PatronRemovalDelay,PatronRemovalDelay
PatronRestrictionTypes,PatronRestrictionTypes,PatronRestrictionTypes
PatronSelfModificationBorrowerUnwantedField,PatronSelfModificationBorrowerUnwantedField,PatronSelfModificationBorrowerUnwantedField
PatronSelfModificationMandatoryField,PatronSelfModificationMandatoryField,PatronSelfModificationMandatoryField
PatronSelfRegistration,PatronSelfRegistration,PatronSelfRegistration
PatronSelfRegistrationAdditionalInstructions,PatronSelfRegistrationAdditionalInstructions,PatronSelfRegistrationAdditionalInstructions
PatronSelfRegistrationBorrowerMandatoryField,PatronSelfRegistrationBorrowerMandatoryField,PatronSelfRegistrationBorrowerMandatoryField
PatronSelfRegistrationBorrowerUnwantedField,PatronSelfRegistrationBorrowerUnwantedField,PatronSelfRegistrationBorrowerUnwantedField
PatronSelfRegistrationConfirmEmail,PatronSelfRegistrationConfirmEmail,PatronSelfRegistrationConfirmEmail
PatronSelfRegistrationDefaultCategory,PatronSelfRegistrationDefaultCategory,PatronSelfRegistrationDefaultCategory
PatronSelfRegistrationEmailMustBeUnique,PatronSelfRegistrationEmailMustBeUnique,PatronSelfRegistrationEmailMustBeUnique
PatronSelfRegistrationExpireTemporaryAccountsDelay,PatronSelfRegistrationExpireTemporaryAccountsDelay,PatronSelfRegistrationExpireTemporaryAccountsDelay
PatronSelfRegistrationLibraryList,PatronSelfRegistrationLibraryList,PatronSelfRegistrationLibraryList
PatronSelfRegistrationPrefillForm,PatronSelfRegistrationPrefillForm,PatronSelfRegistrationPrefillForm
PatronSelfRegistrationVerifyByEmail,PatronSelfRegistrationVerifyByEmail,PatronSelfRegistrationVerifyByEmail
PatronsPerPage,PatronsPerPage,PatronsPerPage
PayPal,PayPal,PayPal
PayPalChargeDescription,PayPalChargeDescription,PayPalChargeDescription
PayPalPwd,PayPalPwd,PayPalPwd
PayPalReturnURL,PayPalReturnURL,PayPalReturnURL
PayPalSandboxMode,PayPalSandboxMode,PayPalSandboxMode
PayPalSignature,PayPalSignature,PayPalSignature
PayPalUser,PayPalUser,PayPalUser
PayPayl,PayPayl,PayPayl
PhoneNotification,PhoneNotification,PhoneNotification
PostScript,PostScript,PostScript
PostgreSQL,PostgreSQL,PostgreSQL
PrefillGuaranteeField,PrefillGuaranteeField,PrefillGuaranteeField
PrefillItem,PrefillItem,PrefillItem
PreservationModule,PreservationModule,PreservationModule
PreservationNotForLoanDefaultTrainIn,PreservationNotForLoanDefaultTrainIn,PreservationNotForLoanDefaultTrainIn
PreservationNotForLoanWaitingListIn,PreservationNotForLoanWaitingListIn,PreservationNotForLoanWaitingListIn
PreserveSerialNotes,PreserveSerialNotes,PreserveSerialNotes
PrintNoticesMaxLines,PrintNoticesMaxLines,PrintNoticesMaxLines
PrivacyPolicy,PrivacyPolicy,PrivacyPolicy
PrivacyPolicyConsent,PrivacyPolicyConsent,PrivacyPolicyConsent
PrivacyPolicyURL,PrivacyPolicyURL,PrivacyPolicyURL
ProcessingFeeNote,ProcessingFeeNote,ProcessingFeeNote
ProtectSuperLibrarianPrivileges,ProtectSuperLibrarianPrivileges,ProtectSuperLibrarianPrivileges
PseudonymizationPatronFields,PseudonymizationPatronFields,PseudonymizationPatronFields
PseudonymizationTransactionFields,PseudonymizationTransactionFields,PseudonymizationTransactionFields
PurgeListShareInvitesOlderThan,PurgeListShareInvitesOlderThan,PurgeListShareInvitesOlderThan
PurgeSuggestionsOlderThan,PurgeSuggestionsOlderThan,PurgeSuggestionsOlderThan
QR,QR,QR
QRcode,QRcode,QRcode
QUALITY,QUALITY,QUALITY
QUERY,QUERY,QUERY
QUOTE,QUOTE,QUOTE
QW,QW,QW
QWxx,QWxx,QWxx
QueryAutoTruncate,QueryAutoTruncate,QueryAutoTruncate
QueryFuzzy,QueryFuzzy,QueryFuzzy
QueryRegexEscapeOptions,QueryRegexEscapeOptions,QueryRegexEscapeOptions
QueryStemming,QueryStemming,QueryStemming
QueryWeightFields,QueryWeightFields,QueryWeightFields
QuoteOfTheDay,QuoteOfTheDay,QuoteOfTheDay
RECALL,RECALL,RECALL
RECALLS,RECALLS,RECALLS
RECEIPT,RECEIPT,RECEIPT
RECEIVE,RECEIVE,RECEIVE
REF,REF,REF
REFUND,REFUND,REFUND
REJECTED,REJECTED,REJECTED
RELTERMS,RELTERMS,RELTERMS
RENDERED,RENDERED,RENDERED
RENEW,RENEW,RENEW
RENEWAL,RENEWAL,RENEWAL
RENT,RENT,RENT
REOPEN,REOPEN,REOPEN
REPAIR,REPAIR,REPAIR
REPORT,REPORT,REPORT
REPORTID,REPORTID,REPORTID
REPORTNAME,REPORTNAME,REPORTNAME
REPORTS,REPORTS,REPORTS
REQ,REQ,REQ
REQREV,REQREV,REQREV
REQUIRED,REQUIRED,REQUIRED
RESERVE,RESERVE,RESERVE
RESERVED,RESERVED,RESERVED
RESERVES,RESERVES,RESERVES
RESET,RESET,RESET
REST,REST,REST
RESTAPIRenewalBranch,RESTAPIRenewalBranch,RESTAPIRenewalBranch
RESTBasicAuth,RESTBasicAuth,RESTBasicAuth
RESTPublicAPI,RESTPublicAPI,RESTPublicAPI
RESTPublicAnonymousRequests,RESTPublicAnonymousRequests,RESTPublicAnonymousRequests
RESTRICTED,RESTRICTED,RESTRICTED
RESTdefaultPageSize,RESTdefaultPageSize,RESTdefaultPageSize
RESTful,RESTful,RESTful
RESUME,RESUME,RESUME
RET,RET,RET
RETURN,RETURN,RETURN
RFID,RFID,RFID
RI,RI,RI
RIS,RIS,RIS
RISK,RISK,RISK
RLIST,RLIST,RLIST
ROADTYPE,ROADTYPE,ROADTYPE
ROM,ROM,ROM
ROMs,ROMs,ROMs
RRP,RRP,RRP
RSS,RSS,RSS
RTF,RTF,RTF
RandomizeHoldsQueueWeight,RandomizeHoldsQueueWeight,RandomizeHoldsQueueWeight
RealTimeHoldsQueue,RealTimeHoldsQueue,RealTimeHoldsQueue
RecallsLog,RecallsLog,RecallsLog
RecallsMaxPickUpDelay,RecallsMaxPickUpDelay,RecallsMaxPickUpDelay
RecordLocalUseOnReturn,RecordLocalUseOnReturn,RecordLocalUseOnReturn
RecordStaffUserOnCheckout,RecordStaffUserOnCheckout,RecordStaffUserOnCheckout
RedirectGuaranteeEmail,RedirectGuaranteeEmail,RedirectGuaranteeEmail
RedirectToSoleResult,RedirectToSoleResult,RedirectToSoleResult
RefundLostOnReturnControl,RefundLostOnReturnControl,RefundLostOnReturnControl
RegEx,RegEx,RegEx
RenewAccruingItemInOpac,RenewAccruingItemInOpac,RenewAccruingItemInOpac
RenewAccruingItemWhenPaid,RenewAccruingItemWhenPaid,RenewAccruingItemWhenPaid
RenewSerialAddsSuggestion,RenewSerialAddsSuggestion,RenewSerialAddsSuggestion
RenewalLog,RenewalLog,RenewalLog
RenewalPeriodBase,RenewalPeriodBase,RenewalPeriodBase
RenewalSendNotice,RenewalSendNotice,RenewalSendNotice
RentalFeesCheckoutConfirmation,RentalFeesCheckoutConfirmation,RentalFeesCheckoutConfirmation
ReplyTo,ReplyTo,ReplyTo
ReplytoDefault,ReplytoDefault,ReplytoDefault
ReportsLog,ReportsLog,ReportsLog
RequestHeader,RequestHeader,RequestHeader
RequireCashRegister,RequireCashRegister,RequireCashRegister
RequireChoosingExistingAuthority,RequireChoosingExistingAuthority,RequireChoosingExistingAuthority
RequirePaymentType,RequirePaymentType,RequirePaymentType
RequireStrongPassword,RequireStrongPassword,RequireStrongPassword
ReservesControlBranch,ReservesControlBranch,ReservesControlBranch
ReservesMaxPickUpDelay,ReservesMaxPickUpDelay,ReservesMaxPickUpDelay
ReservesNeedReturns,ReservesNeedReturns,ReservesNeedReturns
RestrictedPageContent,RestrictedPageContent,RestrictedPageContent
RestrictedPageLocalIPs,RestrictedPageLocalIPs,RestrictedPageLocalIPs
RestrictedPageTitle,RestrictedPageTitle,RestrictedPageTitle
RestrictionBlockRenewing,RestrictionBlockRenewing,RestrictionBlockRenewing
RetainCatalogSearchTerms,RetainCatalogSearchTerms,RetainCatalogSearchTerms
RetainPatronsSearchTerms,RetainPatronsSearchTerms,RetainPatronsSearchTerms
ReturnBeforeExpiry,ReturnBeforeExpiry,ReturnBeforeExpiry
ReturnLog,ReturnLog,ReturnLog
ReturnpathDefault,ReturnpathDefault,ReturnpathDefault
RisExportAdditionalFields,RisExportAdditionalFields,RisExportAdditionalFields
RoundFinesAtPayment,RoundFinesAtPayment,RoundFinesAtPayment
RoutingListAddReserves,RoutingListAddReserves,RoutingListAddReserves
RoutingListNote,RoutingListNote,RoutingListNote
RoutingSerials,RoutingSerials,RoutingSerials
SAF,SAF,SAF
SALE,SALE,SALE
SAN,SAN,SAN
SC,SC,SC
SCAN,SCAN,SCAN
SCD,SCD,SCD
SCO,SCO,SCO
SCOAllowCheckin,SCOAllowCheckin,SCOAllowCheckin
SCOBatchCheckoutsValidCategories,SCOBatchCheckoutsValidCategories,SCOBatchCheckoutsValidCategories
SCOLoadCheckoutsByDefault,SCOLoadCheckoutsByDefault,SCOLoadCheckoutsByDefault
SCOMainUserBlock,SCOMainUserBlock,SCOMainUserBlock
SCOUserCSS,SCOUserCSS,SCOUserCSS
SCOUserJS,SCOUserJS,SCOUserJS
SEARCH,SEARCH,SEARCH
SEARCHING,SEARCHING,SEARCHING
SEATTLE,SEATTLE,SEATTLE
SEL,SEL,SEL
SELECT,SELECT,SELECT
SER,SER,SER
SERIAL,SERIAL,SERIAL
SERIALS,SERIALS,SERIALS
SERIES,SERIES,SERIES
SERVICING,SERVICING,SERVICING
SET,SET,SET
SFTP,SFTP,SFTP
SHA,SHA,SHA
SHARE,SHARE,SHARE
SHAW,SHAW,SHAW
SHOULD,SHOULD,SHOULD
SHOW,SHOW,SHOW
SI,SI,SI
SIP,SIP,SIP
SIPconfig,SIPconfig,SIPconfig
SML,SML,SML
SMS,SMS,SMS
SMSDiscount,SMSDiscount,SMSDiscount
SMSSendAdditionalOptions,SMSSendAdditionalOptions,SMSSendAdditionalOptions
SMSSendDriver,SMSSendDriver,SMSSendDriver
SMSSendPassword,SMSSendPassword,SMSSendPassword
SMSSendUsername,SMSSendUsername,SMSSendUsername
SMSes,SMSes,SMSes
SMTP,SMTP,SMTP
SOFTWARE,SOFTWARE,SOFTWARE
SOURCE,SOURCE,SOURCE
SPECIAL,SPECIAL,SPECIAL
SPF,SPF,SPF
SPL,SPL,SPL
SQL,SQL,SQL
SR,SR,SR
SRU,SRU,SRU
SRW,SRW,SRW
SS,SS,SS
SSL,SSL,SSL
STACK,STACK,STACK
STAFF,STAFF,STAFF
STAFFCLIENTBASEURL,STAFFCLIENTBASEURL,STAFFCLIENTBASEURL
STAFFID,STAFFID,STAFFID
STARTTLS,STARTTLS,STARTTLS
STATE,STATE,STATE
STATED,STATED,STATED
STATEMENT,STATEMENT,STATEMENT
STATUS,STATUS,STATUS
STDOUT,STDOUT,STDOUT
STMP,STMP,STMP
SUBFIELD,SUBFIELD,SUBFIELD
SUBJECT,SUBJECT,SUBJECT
SUCCESS,SUCCESS,SUCCESS
SUCH,SUCH,SUCH
SUDBURY,SUDBURY,SUDBURY
SUGGEST,SUGGEST,SUGGEST
SUGGESTION,SUGGESTION,SUGGESTION
SUMMARY,SUMMARY,SUMMARY
SUPPRESS,SUPPRESS,SUPPRESS
SUR,SUR,SUR
SUSHI,SUSHI,SUSHI
SUSPEND,SUSPEND,SUSPEND
SUSTAINED,SUSTAINED,SUSTAINED
SVC,SVC,SVC
SYD,SYD,SYD
SYSTEM,SYSTEM,SYSTEM
SYSTEMPREFERENCE,SYSTEMPREFERENCE,SYSTEMPREFERENCE
SavedSearchFilters,SavedSearchFilters,SavedSearchFilters
ScienceDirect,ScienceDirect,ScienceDirect
ScriptAlias,ScriptAlias,ScriptAlias
SearchEngine,SearchEngine,SearchEngine
SearchLimitLibrary,SearchLimitLibrary,SearchLimitLibrary
SearchMyLibraryFirst,SearchMyLibraryFirst,SearchMyLibraryFirst
SearchWithISBNVariations,SearchWithISBNVariations,SearchWithISBNVariations
SearchWithISSNVariations,SearchWithISSNVariations,SearchWithISSNVariations
SelfCheckAllowByIPRanges,SelfCheckAllowByIPRanges,SelfCheckAllowByIPRanges
SelfCheckHelpMessage,SelfCheckHelpMessage,SelfCheckHelpMessage
SelfCheckInMainUserBlock,SelfCheckInMainUserBlock,SelfCheckInMainUserBlock
SelfCheckInModule,SelfCheckInModule,SelfCheckInModule
SelfCheckInTimeout,SelfCheckInTimeout,SelfCheckInTimeout
SelfCheckInUserCSS,SelfCheckInUserCSS,SelfCheckInUserCSS
SelfCheckInUserJS,SelfCheckInUserJS,SelfCheckInUserJS
SelfCheckReceiptPrompt,SelfCheckReceiptPrompt,SelfCheckReceiptPrompt
SelfCheckTimeout,SelfCheckTimeout,SelfCheckTimeout
SelfCheckoutByLogin,SelfCheckoutByLogin,SelfCheckoutByLogin
SendAllEmailsTo,SendAllEmailsTo,SendAllEmailsTo
SeparateHoldings,SeparateHoldings,SeparateHoldings
SeparateHoldingsBranch,SeparateHoldingsBranch,SeparateHoldingsBranch
SerialsDefaultEmailAddress,SerialsDefaultEmailAddress,SerialsDefaultEmailAddress
SerialsDefaultReplyTo,SerialsDefaultReplyTo,SerialsDefaultReplyTo
SerialsSearchResultsLimit,SerialsSearchResultsLimit,SerialsSearchResultsLimit
SerialsUpdate,SerialsUpdate,SerialsUpdate
SessionRestrictionByIP,SessionRestrictionByIP,SessionRestrictionByIP
SessionStorage,SessionStorage,SessionStorage
SetEnv,SetEnv,SetEnv
ShelfBrowserUsesCcode,ShelfBrowserUsesCcode,ShelfBrowserUsesCcode
ShelfBrowserUsesHomeBranch,ShelfBrowserUsesHomeBranch,ShelfBrowserUsesHomeBranch
ShelfBrowserUsesLocation,ShelfBrowserUsesLocation,ShelfBrowserUsesLocation
ShowAllCheckins,ShowAllCheckins,ShowAllCheckins
ShowComponentRecords,ShowComponentRecords,ShowComponentRecords
ShowComponentRecordsOPAC,ShowComponentRecordsOPAC,ShowComponentRecordsOPAC
ShowComponentRecordsStaffInterface,ShowComponentRecordsStaffInterface,ShowComponentRecordsStaffInterface
ShowPatronImageInWebBasedSelfCheck,ShowPatronImageInWebBasedSelfCheck,ShowPatronImageInWebBasedSelfCheck
ShowReviewer,ShowReviewer,ShowReviewer
ShowReviewerPhoto,ShowReviewerPhoto,ShowReviewerPhoto
ShowVolumes,ShowVolumes,ShowVolumes
SkipHoldTrapOnNotForLoanValue,SkipHoldTrapOnNotForLoanValue,SkipHoldTrapOnNotForLoanValue
SlipCSS,SlipCSS,SlipCSS
SocialNetworks,SocialNetworks,SocialNetworks
SouthEastern,SouthEastern,SouthEastern
SpecifyDueDate,SpecifyDueDate,SpecifyDueDate
SpecifyReturnDate,SpecifyReturnDate,SpecifyReturnDate
SpineLabelAutoPrint,SpineLabelAutoPrint,SpineLabelAutoPrint
SpineLabelFormat,SpineLabelFormat,SpineLabelFormat
SpineLabelShowPrintOnBibDetails,SpineLabelShowPrintOnBibDetails,SpineLabelShowPrintOnBibDetails
StaffAcquisitionsHome,StaffAcquisitionsHome,StaffAcquisitionsHome
StaffAuthoritiesHome,StaffAuthoritiesHome,StaffAuthoritiesHome
StaffBaseURL,StaffBaseURL,StaffBaseURL
StaffCataloguingHome,StaffCataloguingHome,StaffCataloguingHome
StaffDetailItemSelection,StaffDetailItemSelection,StaffDetailItemSelection
StaffHighlightedWords,StaffHighlightedWords,StaffHighlightedWords
StaffInterfaceLanguages,StaffInterfaceLanguages,StaffInterfaceLanguages
StaffLangSelectorMode,StaffLangSelectorMode,StaffLangSelectorMode
StaffListsHome,StaffListsHome,StaffListsHome
StaffLoginInstructions,StaffLoginInstructions,StaffLoginInstructions
StaffLoginLibraryBasedOnIP,StaffLoginLibraryBasedOnIP,StaffLoginLibraryBasedOnIP
StaffLoginRestrictLibraryByIP,StaffLoginRestrictLibraryByIP,StaffLoginRestrictLibraryByIP
StaffPOSHome,StaffPOSHome,StaffPOSHome
StaffPatronsHome,StaffPatronsHome,StaffPatronsHome
StaffSearchResultsDisplayBranch,StaffSearchResultsDisplayBranch,StaffSearchResultsDisplayBranch
StaffSerialIssueDisplayCount,StaffSerialIssueDisplayCount,StaffSerialIssueDisplayCount
StaffSerialsHome,StaffSerialsHome,StaffSerialsHome
StaticHoldsQueueWeight,StaticHoldsQueueWeight,StaticHoldsQueueWeight
StatisticsFields,StatisticsFields,StatisticsFields
StockRotation,StockRotation,StockRotation
StoreLastBorrower,StoreLastBorrower,StoreLastBorrower
StreamingMedia,StreamingMedia,StreamingMedia
StripWhitespaceChars,StripWhitespaceChars,StripWhitespaceChars
SuDOC,SuDOC,SuDOC
SuDoc,SuDoc,SuDoc
SuDocs,SuDocs,SuDocs
SubfieldsToAllowForRestrictedBatchmod,SubfieldsToAllowForRestrictedBatchmod,SubfieldsToAllowForRestrictedBatchmod
SubfieldsToAllowForRestrictedEditing,SubfieldsToAllowForRestrictedEditing,SubfieldsToAllowForRestrictedEditing
SubfieldsToUseWhenPrefill,SubfieldsToUseWhenPrefill,SubfieldsToUseWhenPrefill
SubscriptionDuplicateDroppedInput,SubscriptionDuplicateDroppedInput,SubscriptionDuplicateDroppedInput
SubscriptionHistory,SubscriptionHistory,SubscriptionHistory
SubscriptionLog,SubscriptionLog,SubscriptionLog
SuggestionsLog,SuggestionsLog,SuggestionsLog
SuspendHoldsIntranet,SuspendHoldsIntranet,SuspendHoldsIntranet
SuspendHoldsOpac,SuspendHoldsOpac,SuspendHoldsOpac
SuspensionsCalendar,SuspensionsCalendar,SuspensionsCalendar
SvcMaxReportRows,SvcMaxReportRows,SvcMaxReportRows
SwitchOnSiteCheckouts,SwitchOnSiteCheckouts,SwitchOnSiteCheckouts
SyndeticsAuthorNotes,SyndeticsAuthorNotes,SyndeticsAuthorNotes
SyndeticsAwards,SyndeticsAwards,SyndeticsAwards
SyndeticsClientCode,SyndeticsClientCode,SyndeticsClientCode
SyndeticsCoverImageSize,SyndeticsCoverImageSize,SyndeticsCoverImageSize
SyndeticsCoverImages,SyndeticsCoverImages,SyndeticsCoverImages
SyndeticsEditions,SyndeticsEditions,SyndeticsEditions
SyndeticsEnabled,SyndeticsEnabled,SyndeticsEnabled
SyndeticsExcerpt,SyndeticsExcerpt,SyndeticsExcerpt
SyndeticsReviews,SyndeticsReviews,SyndeticsReviews
SyndeticsSeries,SyndeticsSeries,SyndeticsSeries
SyndeticsSummary,SyndeticsSummary,SyndeticsSummary
SyndeticsTOC,SyndeticsTOC,SyndeticsTOC
TABLE,TABLE,TABLE
TAG,TAG,TAG
TCP,TCP,TCP
TEEN,TEEN,TEEN
TERM,TERM,TERM
TERMS,TERMS,TERMS
TEST,TEST,TEST
THE,THE,THE
THERE,THERE,THERE
THIRD,THIRD,THIRD
TICKET,TICKET,TICKET
TIF,TIF,TIF
TIME,TIME,TIME
TITLE,TITLE,TITLE
TM,TM,TM
TMobile,TMobile,TMobile
TO,TO,TO
TODO,TODO,TODO
TOOLS,TOOLS,TOOLS
TOPICAL,TOPICAL,TOPICAL
TORONTO,TORONTO,TORONTO
TOTP,TOTP,TOTP
TOTPs,TOTPs,TOTPs
TOY,TOY,TOY
TR,TR,TR
TRAI,TRAI,TRAI
TRANSACTION,TRANSACTION,TRANSACTION
TRANSFERSLIP,TRANSFERSLIP,TRANSFERSLIP
TRI,TRI,TRI
TRUNCATE,TRUNCATE,TRUNCATE
TSP,TSP,TSP
TSV,TSV,TSV
TT,TT,TT
TXT,TXT,TXT
TY,TY,TY
TagsEnable,TagsEnable,TagsEnable
TagsEnabled,TagsEnabled,TagsEnabled
TagsExternalDictionary,TagsExternalDictionary,TagsExternalDictionary
TagsInputOnDetail,TagsInputOnDetail,TagsInputOnDetail
TagsInputOnList,TagsInputOnList,TagsInputOnList
TagsModeration,TagsModeration,TagsModeration
TagsShowOnDetail,TagsShowOnDetail,TagsShowOnDetail
TagsShowOnList,TagsShowOnList,TagsShowOnList
TalkingTech,TalkingTech,TalkingTech
TalkingTechItivaPhoneNotification,TalkingTechItivaPhoneNotification,TalkingTechItivaPhoneNotification
TaxRates,TaxRates,TaxRates
ThingISBN,ThingISBN,ThingISBN
TimeFormat,TimeFormat,TimeFormat
TinyMCE,TinyMCE,TinyMCE
TraceCompleteSubfields,TraceCompleteSubfields,TraceCompleteSubfields
TraceSubjectSubdivisions,TraceSubjectSubdivisions,TraceSubjectSubdivisions
TrackClicks,TrackClicks,TrackClicks
TrackLastPatronActivity,TrackLastPatronActivity,TrackLastPatronActivity
TrackLastPatronActivityTriggers,TrackLastPatronActivityTriggers,TrackLastPatronActivityTriggers
TransferWhenCancelAllWaitingHolds,TransferWhenCancelAllWaitingHolds,TransferWhenCancelAllWaitingHolds
TransfersBlockCirc,TransfersBlockCirc,TransfersBlockCirc
TransfersMaxDaysWarning,TransfersMaxDaysWarning,TransfersMaxDaysWarning
TranslateNotices,TranslateNotices,TranslateNotices
TrapHoldsOnOrder,TrapHoldsOnOrder,TrapHoldsOnOrder
TwoFactorAuthentication,TwoFactorAuthentication,TwoFactorAuthentication
UCS,UCS,UCS
UDC,UDC,UDC
UI,UI,UI
UIDalgorithm,UIDalgorithm,UIDalgorithm
UK,UK,UK
UNI,UNI,UNI
UNIFORM,UNIFORM,UNIFORM
UNIMARC,UNIMARC,UNIMARC
UNIMARCAuthorsFacetsSeparator,UNIMARCAuthorsFacetsSeparator,UNIMARCAuthorsFacetsSeparator
UNIX,UNIX,UNIX
UNLESS,UNLESS,UNLESS
UPC,UPC,UPC
UPCA,UPCA,UPCA
UPCE,UPCE,UPCE
UPDATE,UPDATE,UPDATE
UPLOAD,UPLOAD,UPLOAD
URI,URI,URI
URIs,URIs,URIs
URL,URL,URL
URLLinkText,URLLinkText,URLLinkText
URLs,URLs,URLs
URN,URN,URN
US,US,US
USA,USA,USA
USAGE,USAGE,USAGE
USB,USB,USB
USD,USD,USD
USE,USE,USE
USER,USER,USER
UTC,UTC,UTC
UTF,UTF,UTF
UniqueItemFields,UniqueItemFields,UniqueItemFields
UniqueItemsFields,UniqueItemsFields,UniqueItemsFields
UnseenRenewals,UnseenRenewals,UnseenRenewals
UnsubscribeReflectionDelay,UnsubscribeReflectionDelay,UnsubscribeReflectionDelay
UpdateItemLocationOnCheckin,UpdateItemLocationOnCheckin,UpdateItemLocationOnCheckin
UpdateItemLocationOnCheckout,UpdateItemLocationOnCheckout,UpdateItemLocationOnCheckout
UpdateItemLostStatusWhenPaid,UpdateItemLostStatusWhenPaid,UpdateItemLostStatusWhenPaid
UpdateItemLostStatusWhenWriteoff,UpdateItemLostStatusWhenWriteoff,UpdateItemLostStatusWhenWriteoff
UpdateItemWhenLostFromHoldList,UpdateItemWhenLostFromHoldList,UpdateItemWhenLostFromHoldList
UpdateNotForLoanStatusOnCheckin,UpdateNotForLoanStatusOnCheckin,UpdateNotForLoanStatusOnCheckin
UpdateNotForLoanStatusOnCheckout,UpdateNotForLoanStatusOnCheckout,UpdateNotForLoanStatusOnCheckout
UpdateTotalIssuesOnCirc,UpdateTotalIssuesOnCirc,UpdateTotalIssuesOnCirc
UploadPurgeTemporaryFilesDays,UploadPurgeTemporaryFilesDays,UploadPurgeTemporaryFilesDays
UsageStats,UsageStats,UsageStats
UsageStatsCountry,UsageStatsCountry,UsageStatsCountry
UsageStatsGeolocation,UsageStatsGeolocation,UsageStatsGeolocation
UsageStatsID,UsageStatsID,UsageStatsID
UsageStatsLastUpdateTime,UsageStatsLastUpdateTime,UsageStatsLastUpdateTime
UsageStatsLibrariesInfo,UsageStatsLibrariesInfo,UsageStatsLibrariesInfo
UsageStatsLibraryName,UsageStatsLibraryName,UsageStatsLibraryName
UsageStatsLibraryType,UsageStatsLibraryType,UsageStatsLibraryType
UsageStatsLibraryUrl,UsageStatsLibraryUrl,UsageStatsLibraryUrl
UsageStatsPublicID,UsageStatsPublicID,UsageStatsPublicID
UseACQFrameworkForBiblioRecords,UseACQFrameworkForBiblioRecords,UseACQFrameworkForBiblioRecords
UseAuthoritiesForTracings,UseAuthoritiesForTracings,UseAuthoritiesForTracings
UseBranchTransferLimits,UseBranchTransferLimits,UseBranchTransferLimits
UseCashRegisters,UseCashRegisters,UseCashRegisters
UseCirculationDesks,UseCirculationDesks,UseCirculationDesks
UseControlNumber,UseControlNumber,UseControlNumber
UseCourseReserves,UseCourseReserves,UseCourseReserves
UseEmailReceipts,UseEmailReceipts,UseEmailReceipts
UseICUStyleQuotes,UseICUStyleQuotes,UseICUStyleQuotes
UseLocationAsAQInSIP,UseLocationAsAQInSIP,UseLocationAsAQInSIP
UseOCLCEncodingLevels,UseOCLCEncodingLevels,UseOCLCEncodingLevels
UseRecalls,UseRecalls,UseRecalls
UseTransportCostMatrix,UseTransportCostMatrix,UseTransportCostMatrix
UseWYSIWYGinSystemPreferences,UseWYSIWYGinSystemPreferences,UseWYSIWYGinSystemPreferences
UserCSS,UserCSS,UserCSS
UserJS,UserJS,UserJS
UserScripts,UserScripts,UserScripts
VALLEY,VALLEY,VALLEY
VANCOUVER,VANCOUVER,VANCOUVER
VARYING,VARYING,VARYING
VENDOR,VENDOR,VENDOR
VERY,VERY,VERY
VHS,VHS,VHS
VIDEO,VIDEO,VIDEO
VM,VM,VM
VOID,VOID,VOID
VPN,VPN,VPN
VR,VR,VR
VirtualHost,VirtualHost,VirtualHost
WALES,WALES,WALES
WARNING,WARNING,WARNING
WARRANTIES,WARRANTIES,WARRANTIES
WARRANTY,WARRANTY,WARRANTY
WCAG,WCAG,WCAG
WEBSERVICES,WEBSERVICES,WEBSERVICES
WEL,WEL,WEL
WELCOME,WELCOME,WELCOME
WHEN,WHEN,WHEN
WHERE,WHERE,WHERE
WHO,WHO,WHO
WILL,WILL,WILL
WIPO,WIPO,WIPO
WITH,WITH,WITH
WITHDRAWN,WITHDRAWN,WITHDRAWN
WITHOUT,WITHOUT,WITHOUT
WRITEOFF,WRITEOFF,WRITEOFF
WRITING,WRITING,WRITING
WYSIWYG,WYSIWYG,WYSIWYG
WaitingNotifyAtCheckin,WaitingNotifyAtCheckin,WaitingNotifyAtCheckin
WaitingNotifyAtCheckout,WaitingNotifyAtCheckout,WaitingNotifyAtCheckout
WantedBy,WantedBy,WantedBy
WebBasedSelfCheck,WebBasedSelfCheck,WebBasedSelfCheck
WhenLostChargeReplacementFee,WhenLostChargeReplacementFee,WhenLostChargeReplacementFee
WhenLostForgiveFine,WhenLostForgiveFine,WhenLostForgiveFine
WorldCat,WorldCat,WorldCat
WorldShare,WorldShare,WorldShare
XML,XML,XML
XP,XP,XP
XSL,XSL,XSL
XSLT,XSLT,XSLT
XSLTDetailsDisplay,XSLTDetailsDisplay,XSLTDetailsDisplay
XSLTListsDisplay,XSLTListsDisplay,XSLTListsDisplay
XSLTResultsDisplay,XSLTResultsDisplay,XSLTResultsDisplay
XSS,XSS,XSS
XX,XX,XX
XXX,XXX,XXX
XXXX,XXXX,XXXX
XY,XY,XY
XYZ,XYZ,XYZ
XZ,XZ,XZ
YA,YA,YA
YAML,YAML,YAML
YES,YES,YES
YOU,YOU,YOU
YOUR,YOUR,YOUR
YOURCATALOG,YOURCATALOG,YOURCATALOG
YOURCATLOG,YOURCATLOG,YOURCATLOG
YOURKOHACATALOG,YOURKOHACATALOG,YOURKOHACATALOG
YOURLIBRARY,YOURLIBRARY,YOURLIBRARY
YOUROPAC,YOUROPAC,YOUROPAC
YOURSITE,YOURSITE,YOURSITE
YY,YY,YY
YYY,YYY,YYY
YYYY,YYYY,YYYY
YYYYMMDD,YYYYMMDD,YYYYMMDD
YYYYMMDDZZZZHHMMSS,YYYYMMDDZZZZHHMMSS,YYYYMMDDZZZZHHMMSS
YouTube,YouTube,YouTube
ZIP,ZIP,ZIP
ZSERVER,ZSERVER,ZSERVER
ZZZZ,ZZZZ,ZZZZ
aAutumn,aAutumn,aAutumn
aCPL,aCPL,aCPL
aCamins,aCamins,aCamins
aEasy,aEasy,aEasy
aEdited,aEdited,aEdited
aIncludes,aIncludes,aIncludes
aInteresting,aInteresting,aInteresting
aJournal,aJournal,aJournal
aPERM,aPERM,aPERM
aTelevision,aTelevision,aTelevision
aTerrace,aTerrace,aTerrace
aTransactions,aTransactions,aTransactions
aVivaldi,aVivaldi,aVivaldi
addGuarantor,addGuarantor,addGuarantor
advancedMARCeditor,advancedMARCeditor,advancedMARCeditor
andOTP,andOTP,andOTP
archiveID,archiveID,archiveID
autoBarcode,autoBarcode,autoBarcode
autoControlNumber,autoControlNumber,autoControlNumber
autoMemberNum,autoMemberNum,autoMemberNum
bCPL,bCPL,bCPL
bCURR,bCURR,bCURR
batchRebuildBiblioTables,batchRebuildBiblioTables,batchRebuildBiblioTables
bnBC,bnBC,bnBC
bookDetails,bookDetails,bookDetails
borrowerRelationship,borrowerRelationship,borrowerRelationship
cBOOK,cBOOK,cBOOK
cNEW,cNEW,cNEW
cSHELVING,cSHELVING,cSHELVING
casAuthentication,casAuthentication,casAuthentication
casLogout,casLogout,casLogout
casServerUrl,casServerUrl,casServerUrl
createILLstaff,createILLstaff,createILLstaff
createILLstaffbook,createILLstaffbook,createILLstaffbook
databaseInfo,databaseInfo,databaseInfo
decreaseLoanHighHolds,decreaseLoanHighHolds,decreaseLoanHighHolds
decreaseLoanHighHoldsControl,decreaseLoanHighHoldsControl,decreaseLoanHighHoldsControl
decreaseLoanHighHoldsDuration,decreaseLoanHighHoldsDuration,decreaseLoanHighHoldsDuration
decreaseLoanHighHoldsIgnoreStatuses,decreaseLoanHighHoldsIgnoreStatuses,decreaseLoanHighHoldsIgnoreStatuses
decreaseLoanHighHoldsValue,decreaseLoanHighHoldsValue,decreaseLoanHighHoldsValue
defaultSortField,defaultSortField,defaultSortField
defaultSortOrder,defaultSortOrder,defaultSortOrder
displayFacetCount,displayFacetCount,displayFacetCount
eBooks,eBooks,eBooks
eBrodart,eBrodart,eBrodart
eHoldings,eHoldings,eHoldings
eSOURCE,eSOURCE,eSOURCE
eUsage,eUsage,eUsage
emailLibrarianWhenHoldIsPlaced,emailLibrarianWhenHoldIsPlaced,emailLibrarianWhenHoldIsPlaced
expandedSearchOption,expandedSearchOption,expandedSearchOption
explainResponse,explainResponse,explainResponse
finesCalendar,finesCalendar,finesCalendar
finesMode,finesMode,finesMode
futurePRINT,futurePRINT,futurePRINT
getScript,getScript,getScript
iOffprint,iOffprint,iOffprint
imageXXXX,imageXXXX,imageXXXX
inLibro,inLibro,inLibro
indexInfo,indexInfo,indexInfo
initSelfRegister,initSelfRegister,initSelfRegister
intranetDetail,intranetDetail,intranetDetail
itemBarcodeFallbackSearch,itemBarcodeFallbackSearch,itemBarcodeFallbackSearch
itemBarcodeInputFilter,itemBarcodeInputFilter,itemBarcodeInputFilter
itemTitle,itemTitle,itemTitle
jQuery,jQuery,jQuery
jsPrintSetup,jsPrintSetup,jsPrintSetup
lastAcquired,lastAcquired,lastAcquired
makePreviousSerialAvailable,makePreviousSerialAvailable,makePreviousSerialAvailable
maxItemsInSearchResults,maxItemsInSearchResults,maxItemsInSearchResults
maxRecordsForFacets,maxRecordsForFacets,maxRecordsForFacets
maximumRecords,maximumRecords,maximumRecords
metadataNamespace,metadataNamespace,metadataNamespace
metadataPrefix,metadataPrefix,metadataPrefix
minPasswordLength,minPasswordLength,minPasswordLength
myDNSname,myDNSname,myDNSname
nextPage,nextPage,nextPage
noItemTypeImages,noItemTypeImages,noItemTypeImages
notifyMailsOp,notifyMailsOp,notifyMailsOp
numReturnedItemsToShow,numReturnedItemsToShow,numReturnedItemsToShow
numSearchRSSResults,numSearchRSSResults,numSearchRSSResults
numSearchResults,numSearchResults,numSearchResults
numSearchResultsDropdown,numSearchResultsDropdown,numSearchResultsDropdown
numberOfRecords,numberOfRecords,numberOfRecords
opacSerialDefaultTab,opacSerialDefaultTab,opacSerialDefaultTab
parentNum,parentNum,parentNum
personalDetails,personalDetails,personalDetails
previousIssuesDefaultSortOrder,previousIssuesDefaultSortOrder,previousIssuesDefaultSortOrder
recordData,recordData,recordData
recordPacking,recordPacking,recordPacking
recordPosition,recordPosition,recordPosition
recordSchema,recordSchema,recordSchema
reportID,reportID,reportID
scanClause,scanClause,scanClause
schemaLocation,schemaLocation,schemaLocation
searchHandler,searchHandler,searchHandler
searchRetrieve,searchRetrieve,searchRetrieve
searchRetrieveResponse,searchRetrieveResponse,searchRetrieveResponse
selectedItem,selectedItem,selectedItem
serialsUpdate,serialsUpdate,serialsUpdate
serverChoice,serverChoice,serverChoice
serverInfo,serverInfo,serverInfo
setName,setName,setName
setSpec,setSpec,setSpec
showLastPatron,showLastPatron,showLastPatron
showLastPatronCount,showLastPatronCount,showLastPatronCount
sitemapXXXX,sitemapXXXX,sitemapXXXX
staffClientBaseURL,staffClientBaseURL,staffClientBaseURL
staffShibOnly,staffShibOnly,staffShibOnly
standardIdentifier,standardIdentifier,standardIdentifier
stocknumberAV,stocknumberAV,stocknumberAV
suggestionPatronCategoryExceptions,suggestionPatronCategoryExceptions,suggestionPatronCategoryExceptions
tEasy,tEasy,tEasy
tJournal,tJournal,tJournal
tThe,tThe,tThe
tTransactions,tTransactions,tTransactions
textStatus,textStatus,textStatus
todaysIssuesDefaultSortOrder,todaysIssuesDefaultSortOrder,todaysIssuesDefaultSortOrder
unAPI,unAPI,unAPI
updatePatronRecords,updatePatronRecords,updatePatronRecords
useDaysMode,useDaysMode,useDaysMode
useDefaultReplacementCost,useDefaultReplacementCost,useDefaultReplacementCost
useDischarge,useDischarge,useDischarge
userPrincipalName,userPrincipalName,userPrincipalName
vCatalogs,vCatalogs,vCatalogs
vEarly,vEarly,vEarly
viewILLrequests,viewILLrequests,viewILLrequests
viewISBD,viewISBD,viewISBD
viewItemRenewals,viewItemRenewals,viewItemRenewals
viewLabeledMARC,viewLabeledMARC,viewLabeledMARC
viewMARC,viewMARC,viewMARC
xCoin,xCoin,xCoin
xISBN,xISBN,xISBN
yBOOK,yBOOK,yBOOK
yITEM,yITEM,yITEM
zUnited,zUnited,zUnited
